No,Kabupaten/Kota,Nama Destinasi
1,Kabupaten Bangkalan,Agro Edu Wisata Kebun Bang Jani
2,Kabupaten Bangkalan,Pantai Rindu
3,Kabupaten Bangkalan,Wisata Alam Kesek
4,Kabupaten Bangkalan,Pandela (Pantai Desa Lajing)
5,Kabupaten Bangkalan,Makam Agung Arosbaya
6,Kabupaten Bangkalan,Pantai Biru
7,Kabupaten Bangkalan,Api Alam Konang
8,Kabupaten Bangkalan,Air Terjun Kokop Dhurjan
9,Kabupaten Bangkalan,Bukit Kapur Parseh
10,Kabupaten Bangkalan,Gunung Geger
11,Kabupaten Bangkalan,Hutan Mangrove Labuhan
12,Kabupaten Bangkalan,Pantai Biru
13,Kabupaten Bangkalan,Pantai Meneron
14,Kabupaten Bangkalan,Pantai Rongkang
15,Kabupaten Bangkalan,Pantai Siring Kemuning
16,Kabupaten Bangkalan,Pantai Lobuk Bumi Anyar
17,Kabupaten Bangkalan,Mercusuar
18,Kabupaten Bangkalan,Goa Pelanglangan
19,Kabupaten Bangkalan,Situs Benteng Erfprins
20,Kabupaten Bangkalan,Taman Rekreasi Kota Bangkalan
21,Kabupaten Bangkalan,Stadion Kerapan Sapi R.P Moh Noer
22,Kabupaten Bangkalan,Kolla Langgundih
23,Kabupaten Bangkalan,Makam Aer Mata Ebu
24,Kabupaten Bangkalan,Makam Sultan Abdul Kadirun
25,Kabupaten Bangkalan,Makam Sunan Cendana
26,Kabupaten Bangkalan,Makam Syechona Cholil
27,Kabupaten Bangkalan,Museum Bangkalan Cakraningrat
28,Kabupaten Banyuwangi,Desa Wisata Tamansari
29,Kabupaten Banyuwangi,Desa Wisata Kemiren
30,Kabupaten Banyuwangi,Desa Bangsring
31,Kabupaten Banyuwangi,Desa Wisata Wringin Putih
32,Kabupaten Banyuwangi,Pantai Rajegwesi
33,Kabupaten Banyuwangi,Desa Wisata Kaliploso
34,Kabupaten Banyuwangi,Desa Wisata Sumbersari
35,Kabupaten Banyuwangi,Desa Wisata Bengkak
36,Kabupaten Banyuwangi,Desa Wisata Sumberbulu
37,Kabupaten Banyuwangi,Desa Wisata Gombengsari
38,Kabupaten Bangkalan,MUSEUM PERUSNIA
39,Kabupaten Banyuwangi,Pantai Cemara
40,Kabupaten Banyuwangi,X-Badeng Rafting Adventure
41,Kabupaten Banyuwangi,Wisata Puncak Mondoleko
42,Kabupaten Banyuwangi,Rowo Bayu
43,Kabupaten Banyuwangi,Desa Wisata Margomulyo
44,Kabupaten Banyuwangi,Desa Wisata Sumbergondo
45,Kabupaten Banyuwangi,Desa Wisata Sumberagung
46,Kabupaten Banyuwangi,Desa Wisata Sumberarum
47,Kabupaten Banyuwangi,Desa Wisata Gintangan
48,Kabupaten Banyuwangi,Desa Wisata Pakis
49,Kabupaten Banyuwangi,Desa Wisata Sragi
50,Kabupaten Banyuwangi,Kampung Primitif (Prima Inovatif)
51,Kabupaten Banyuwangi,Desa Wisata Temenggungan
52,Kabupaten Banyuwangi,Desa Wisata Kampung Anyar
53,Kabupaten Banyuwangi,Desa Wisata Agro Taman Suruh
54,Kabupaten Banyuwangi,Desa Wisata Budaya Alasmalang
55,Kabupaten Banyuwangi,Desa Wisata Budaya Aliyan
56,Kabupaten Banyuwangi,Air Terjun Jagir
57,Kabupaten Banyuwangi,Air terjun lider
58,Kabupaten Banyuwangi,Air Terjun Temcor
59,Kabupaten Banyuwangi,Air Terjun Antogan
60,Kabupaten Banyuwangi,Bangsring Under Water
61,Kabupaten Banyuwangi,De Djawatan
62,Kabupaten Banyuwangi,Ekowisata Mangrove Bedul
63,Kabupaten Banyuwangi,Pantai Grajagan
64,Kabupaten Banyuwangi,Gunung Rante
65,Kabupaten Banyuwangi,Wisata Kalibendo
66,Kabupaten Banyuwangi,Kaliklatak Perkebunan
67,Kabupaten Banyuwangi,Kalisawah adventure
68,Kabupaten Banyuwangi,Kawah Ijen
69,Kabupaten Banyuwangi,Mangrove Bengkak
70,Kabupaten Banyuwangi,Pantai Blimbingsari
71,Kabupaten Banyuwangi,Pantai Cemara Kawang
72,Kabupaten Banyuwangi,Pantai Mustika Pancer
73,Kabupaten Banyuwangi,Pantai Pulau Santen
74,Kabupaten Banyuwangi,Pantai Parang Semar
75,Kabupaten Banyuwangi,Pantai Pulau Merah
76,Kabupaten Banyuwangi,Pulau Santen
77,Kabupaten Banyuwangi,Sendang Seruni
78,Kabupaten Banyuwangi,Pantai Sukamade
79,Kabupaten Banyuwangi,Telunjuk Raung
80,Kabupaten Bangkalan,Sungai Amazon
81,Kabupaten Banyuwangi,TN Meru Betiri
82,Kabupaten Banyuwangi,Wisata Alam Banyuanyar
83,Kabupaten Banyuwangi,Wisata Goa Sodong
84,Kabupaten Banyuwangi,Wisata Mangrove Kawang
85,Kabupaten Banyuwangi,Wisata Pinus Songgon
86,Kabupaten Banyuwangi,X Badeng Adventure
87,Kabupaten Banyuwangi,Agro Expo Taman Suruh
88,Kabupaten Banyuwangi,Agro Wisata Astaga Dragon
89,Kabupaten Banyuwangi,Agro Padi
90,Kabupaten Banyuwangi,Akbar Zoo
91,Kabupaten Banyuwangi,Alam Indah Lestari
92,Kabupaten Banyuwangi,Atlanta Water Park
93,Kabupaten Banyuwangi,Blue Lagoon Swimming Pool
94,Kabupaten Banyuwangi,Taman Gandrung Terakota
95,Kabupaten Banyuwangi,Grand Harvest Pool
96,Kabupaten Banyuwangi,Grand Watudodol
97,Kabupaten Banyuwangi,Gumuk Kantong Indah
98,Kabupaten Banyuwangi,Berlian Abadi Pool
99,Kabupaten Banyuwangi,Jopuro
100,Kabupaten Banyuwangi,Mirah Fantasia
101,Kabupaten Banyuwangi,Mondoleko
102,Kabupaten Banyuwangi,Mutiara Pulau Tabuhan
103,Kabupaten Banyuwangi,Wisata Alam Kalongan
104,Kabupaten Banyuwangi,Pemandian Pancoran
105,Kabupaten Banyuwangi,Pemandian Mendut Hijau
106,Kabupaten Banyuwangi,Pemandian Taman Suruh
107,Kabupaten Bangkalan,Pantai Tlangoh
108,Kabupaten Banyuwangi,Petik Buah Naga
109,Kabupaten Bangkalan,PERAHU SARIMUNA
110,Kabupaten Bangkalan,Jembatan Harapan Bancaran
111,Kabupaten Banyuwangi,Rumah Pohon Pinus
112,Kabupaten Banyuwangi,Samudra Selfie
113,Kabupaten Bangkalan,Goa Kuning
114,Kabupaten Banyuwangi,Air Terjun Temcor
115,Kabupaten Banyuwangi,Umbul Aga Puncak
116,Kabupaten Banyuwangi,Umbul Bening
117,Kabupaten Banyuwangi,Umbul Pule
118,Kabupaten Banyuwangi,Villa Bejong
119,Kabupaten Banyuwangi,Wisata Batu Hitam
120,Kabupaten Banyuwangi,Wisata Boom Marina
121,Kabupaten Banyuwangi,Wisata Waduk Sidodadi
122,Kabupaten Banyuwangi,Green Gumuk Candi
123,Kabupaten Banyuwangi,Makam Datuk Malik Ibrahim
124,Kabupaten Banyuwangi,Makam KH. Abdullah Faqih
125,Kabupaten Banyuwangi,Museum Blambangan
126,Kota Batu,Agro Kusuma
127,Kota Batu,Wisata Pemandian Air Panas Cangar
128,Kota Batu,Batu Agro Apel
129,Kota Batu,Batu Rafting
130,Kota Batu,Goa Pandawa
131,Kota Batu,Goa Pinus
132,Kota Batu,Taman Langit Gunung Banyak Batu
133,Kota Batu,Petik Apel Makmur Abadi
134,Kota Batu,Petik Apel Mandiri
135,Kota Batu,Rafting Kaliwatu
136,Kota Batu,Sahabat Air Rafting
137,Kota Batu,Batu Night Spectacular
138,Kota Batu,Eco Green Park
139,Kota Batu,Jatim Park I
140,Kota Batu,Jatim Park II (Museum Satwa)
141,Kota Batu,Jatim Park III
142,Kota Batu,Kampoeng Kidz
143,Kota Batu,Kampung Lemah Abang
144,Kota Batu,Kampung Wisata Klungkuk
145,Kota Batu,Kampung Wisata Songgokerto
146,Kota Batu,Kampung Wisata Temas
147,Kota Batu,Mahajaya Tshirt dan Oleh - Oleh
148,Kota Batu,Mega Star Indonesia
149,Kota Batu,P. Air Panas Alam Songgoriti
150,Kota Batu,Paralayang
151,Kota Batu,Pemandian Tirta Nirwana
152,Kota Batu,Predator Fun Park
153,Kota Batu,Selecta
154,Kota Batu,Taman Dolan
155,Kota Batu,UMKM Toho Srijaya Junrejo
156,Kota Batu,Wana Wisata Coban Putri
157,Kota Batu,Wana Wisata Coban Rais
158,Kota Batu,Wisata Oleh-Oleh Arum Manis
159,Kota Batu,Wana Wisata Coban Talun
160,Kota Batu,Wisata Oleh - Oleh Brawijaya
161,Kota Batu,Wisata Oleh - Oleh De Duwe
162,Kota Batu,Wonderland Waterpark
163,Kota Batu,Candi Songgoriti
164,Kota Batu,Museum Angkut
165,Kota Batu,Vihara Dammadhipa Arama
166,Kota Batu,Kampung Wisata Kungkuk
167,Kota Batu,Desa Wisata Tulungrejo
168,Kota Batu,Desa Wisata Sidomulyo
169,Kota Batu,Desa Wisata Sumberejo
170,Kota Batu,Desa Wisata Oro-Oro Ombo
171,Kota Batu,Desa Wisata Songgokerto
172,Kota Batu,Desa Wisata Sumber Brantas
173,Kota Batu,Desa Wisata Pandanrejo
174,Kota Batu,Desa Wisata Torongrejo
175,Kota Batu,Desa Wisata Gunungsari
176,Kota Batu,Desa Wisata Wisata Temas
177,Kota Batu,Desa Wisata Junrejo
178,Kota Batu,Desa Pesanggrahan
179,Kota Batu,Desa Giri Purno
180,Kota Batu,Kampung Wisata Ngaglik
181,Kota Batu,Kampung Wisata Sisir
182,Kota Batu,Desa Mojorejo
183,Kota Batu,Desa Wisata Sumbergondo
184,Kota Batu,Desa Wisata Bulukerto
185,Kota Batu,Desa Wisata Beji
186,Kota Batu,Desa Wisata Tlekung
187,Kota Batu,Desa Wisata Pendem
188,Kota Batu,Kampung Wisata Dadaprejo
189,Kota Batu,Desa Wisata Bumiaji
190,Kota Blitar,Agrowisata Belimbing Karangsari
191,Kota Blitar,Goa maria Sendag Rejo
192,Kota Blitar,Telaga Nirmala
193,Kota Blitar,Telaga Sumala
194,Kota Blitar,Fish Garden
195,Kota Blitar,Green Park Bendogerit
196,Kota Blitar,Green Park Sentul
197,Kota Blitar,Kampung Afrika
198,Kota Blitar,Kampung Bathok
199,Kota Blitar,Kampung Kendang Sentul
200,Kota Blitar,Kebon Rojo
201,Kota Blitar,Pemandian Herlingga Jaya
202,Kota Blitar,Waterpark Sumber Udel
203,Kota Blitar,Istana Gebang
204,Kota Blitar,Makam Aryo Blitar
205,Kota Blitar,Makam Bung Karno
206,Kota Blitar,Perpustakaan Bung Karno
207,Kota Blitar,Kampung Wisata Karangsari
208,Kota Blitar,Kampung Kerajinan Batok Tanjungsari
209,Kota Blitar,Kampung Wisata Sentul
210,Kota Blitar,Kampung Bendogerit
211,Kota Blitar,Kampung Wisata Tanggung
212,Kota Blitar,Kampung Wisata 3D Bongares
213,Kota Blitar,Kampung Kuliner Lawu
214,Kabupaten Blitar,Arca Ganesha Boro
215,Kabupaten Blitar,Arca Gaprang
216,Kabupaten Blitar,Arca Warak
217,Kabupaten Blitar,Candi Bacem
218,Kabupaten Blitar,Candi Gambar Wetan
219,Kabupaten Blitar,Candi Kalicilik
220,Kabupaten Blitar,Candi Kotes
221,Kabupaten Blitar,Candi Penataran
222,Kabupaten Blitar,Candi Plumbangan
223,Kabupaten Blitar,Candi Punden Sari
224,Kabupaten Blitar,Candi Rambut Monte
225,Kabupaten Blitar,Candi Sawentar 1
226,Kabupaten Blitar,Candi Sawentar 2
227,Kabupaten Blitar,Candi Selotumpuk
228,Kabupaten Blitar,Candi Simping / Sumberjati
229,Kabupaten Blitar,Candi Sirah Kencong
230,Kabupaten Blitar,Candi Sumberagung
231,Kabupaten Blitar,Candi Sumbernanas
232,Kabupaten Blitar,Candi Tepas
233,Kabupaten Blitar,Candi Wringin Branjang
234,Kabupaten Blitar,Gong Kyai Pradah
235,Kabupaten Blitar,Kekunaan Jimbe
236,Kabupaten Blitar,Museum Penataran
237,Kabupaten Blitar,Pertapaan Kilisuci
238,Kabupaten Blitar,Petilasan Mleri
239,Kabupaten Blitar,Prasasti Jajar
240,Kabupaten Blitar,Prasasti Jaring
241,Kabupaten Blitar,Prasasti Munggut
242,Kabupaten Blitar,Situs Balekambang
243,Kabupaten Blitar,Situs Gadungan
244,Kabupaten Blitar,Situs Slumbung
245,Kabupaten Blitar,Situs Sukosewu
246,Kabupaten Blitar,Situs Tapan
247,Kabupaten Blitar,Vihara Bodhigri
248,Kabupaten Blitar,Wisata Religi Kuningan
249,Kabupaten Blitar,Air Terjun Sirah Kencong
250,Kabupaten Blitar,Air Terjun Umbulwaru
251,Kabupaten Blitar,Bukit Bonsai Watu Lawang
252,Kabupaten Blitar,Goa Embul Tuk
253,Kabupaten Blitar,Hutan Pinus Gogoniti
254,Kabupaten Blitar,Hutan Pinus Loji
255,Kabupaten Blitar,Kebun Kopi Karanganyar
256,Kabupaten Blitar,Lekso Tubing Adventure
257,Kabupaten Blitar,Pantai Gayasan
258,Kabupaten Blitar,Pantai Jolo Sutro
259,Kabupaten Blitar,Pantai Pangi
260,Kabupaten Blitar,Pantai Pasir Putih Gondomayit
261,Kabupaten Blitar,Pantai Pehpulo
262,Kabupaten Blitar,Pantai Serang
263,Kabupaten Blitar,Pantai Tambak Rejo
264,Kabupaten Blitar,Paralayang Gunung Pegat
265,Kabupaten Blitar,Pendakian Gn. Kelud
266,Kabupaten Blitar,Perkebunan Sirah Kencong
267,Kabupaten Blitar,Rambut Monte
268,Kabupaten Blitar,Badher Bank
269,Kabupaten Blitar,Blitar Park
270,Kabupaten Blitar,Bukit Bunda
271,Kabupaten Blitar,Bukit Telletubies
272,Kabupaten Blitar,Istana Sakura
273,Kabupaten Blitar,Jati Park
274,Kabupaten Blitar,Kaloka Lodoyo
275,Kabupaten Blitar,Kampung 1001
276,Kabupaten Blitar,Kampung Coklat
277,Kabupaten Blitar,Kampung Wisata Turi Putih
278,Kabupaten Blitar,Kawasan Wisata Ngreco Lahor
279,Kabupaten Blitar,Kawasan Wisata Olak-Alen
280,Kabupaten Blitar,Kesambi Trees Park
281,Kabupaten Blitar,Kolam Renang Penataran
282,Kabupaten Blitar,Konyar Hill
283,Kabupaten Blitar,Monumen Trisula
284,Kabupaten Blitar,Taman Ayu Gogoniti
285,Kabupaten Blitar,Umbul Suko Sewu
286,Kabupaten Blitar,Wisata Negeri Dongeng
287,Kabupaten Blitar,Desa Wisata Plumbangan
288,Kabupaten Blitar,KWE Puspa Jagad
289,Kabupaten Blitar,Desa Wisata Penataran
290,Kabupaten Blitar,Desa Wisata Karangrejo
291,Kabupaten Blitar,Desa Wisata Tumpak Kepuh
292,Kabupaten Blitar,Desa Wisata Sumbersari
293,Kabupaten Blitar,Desa Wisata Ngadirenggo
294,Kabupaten Blitar,Desa Wisata Krisik
295,Kabupaten Blitar,Desa Wisata Plosorejo
296,Kabupaten Blitar,Desa Wisata Sumbersih
297,Kabupaten Blitar,Desa Wisata Serang
298,Kabupaten Blitar,Desa Wisata Sawentar Lawang Wentar
299,Kabupaten Blitar,Desa Wisata Tawangrejo
300,Kabupaten Blitar,Kampung Wisata Penangkilan
301,Kabupaten Blitar,Desa Wisata Kebonagung
302,Kabupaten Blitar,Desa Wisata Kuningan
303,Kabupaten Blitar,Desa Wisata Kemirigede
304,Kabupaten Blitar,Desa Wisata Bumirejo
305,Kabupaten Blitar,Desa Wisata Karangsono
306,Kabupaten Blitar,Desa Wisata Begelenan
307,Kabupaten Blitar,Desa Wisata Tulungrejo
308,Kabupaten Blitar,Desa wisata Ringinrejo
309,Kabupaten Blitar,Desa Wisata Tambakrejo
310,Kabupaten Blitar,Desa Wisata Ngadipuro
311,Kabupaten Bojonegoro,Agrowisata Belimbing
312,Kabupaten Bojonegoro,Agro Wisata Jambu padang
313,Kabupaten Bojonegoro,Agroguna
314,Kabupaten Bojonegoro,Agrowisata salak Wedi
315,Kabupaten Bojonegoro,Argo Wisata Salak Tanjungharjo
316,Kabupaten Bojonegoro,Air Terjun Krondonan
317,Kabupaten Bojonegoro,Banyu Kuning
318,Kabupaten Bojonegoro,Bukit Kopen
319,Kabupaten Bojonegoro,Bukit Tono
320,Kabupaten Bojonegoro,Growgoland
321,Kabupaten Bojonegoro,Gunung Jati
322,Kabupaten Bojonegoro,Gunung Watu
323,Kabupaten Bojonegoro,Kayangan Api
324,Kabupaten Bojonegoro,Kedung Maor
325,Kabupaten Bojonegoro,Kracaan Ngraho
326,Kabupaten Bojonegoro,Waduk Grobogan
327,Kabupaten Bojonegoro,Waduk Pacal
328,Kabupaten Bojonegoro,Watu Gandul
329,Kabupaten Bojonegoro,Go Fun
330,Kabupaten Bojonegoro,Kedung Moar
331,Kabupaten Bojonegoro,Mumbul Kalianyar
332,Kabupaten Bojonegoro,Negeri Atas Angin
333,Kabupaten Bojonegoro,Outbond Toyoaji
334,Kabupaten Bojonegoro,Penangkaran Ruso Malo
335,Kabupaten Bojonegoro,Pethuk Kreweng
336,Kabupaten Bojonegoro,Rumah Singgah
337,Kabupaten Bojonegoro,Rumah Tua Padangan
338,Kabupaten Bojonegoro,Taman Pinggir Gawan
339,Kabupaten Bojonegoro,Wana Wisata Dander
340,Kabupaten Bojonegoro,Wisata Blok M Semawut
341,Kabupaten Bojonegoro,Wisata Edukasi Gerabah
342,Kabupaten Bojonegoro,Wisata Edukasi Mojodeso
343,Kabupaten Bojonegoro,Wisata Edukasi Pejambon
344,Kabupaten Bojonegoro,Wisata Migas Wonocolo
345,Kabupaten Bojonegoro,Masyarakat Samin
346,Kabupaten Bojonegoro,Petilasan Angling Dharma
347,Kabupaten Bojonegoro,Wali Kidangan
348,Kabupaten Bojonegoro,Desa Wisata Mojo
349,Kabupaten Bojonegoro,Desa Wisata Mayanggeneng
350,Kabupaten Bojonegoro,Desa Wisata Tanjungharjo
351,Kabupaten Bojonegoro,Desa Wisata Sumberarum
352,Kabupaten Bojonegoro,Desa Wisata Mojodeso ( Desa Wisata Edukasi)
353,Kabupaten Bojonegoro,Desa Wisata Bendo (Kuliner Kebon Salak)
354,Kabupaten Bojonegoro,Desa Wisata Ngunut
355,Kabupaten Bojonegoro,Desa Wisata Dander
356,Kabupaten Bojonegoro,Desa Wisata Kedungsumber
357,Kabupaten Bojonegoro,Desa Wisata Sendangharjo
358,Kabupaten Bojonegoro,Desa Wisata Deling (Negeri Atas Angin)
359,Kabupaten Bojonegoro,Desa Wisata Rendeng
360,Kabupaten Bojonegoro,Desa Wisata Teksas Wonocolo
361,Kabupaten Bojonegoro,Desa Wisata Sambungrejo
362,Kabupaten Bojonegoro,Desa Wisata Krondonan
363,Kabupaten Bojonegoro,Kampung Samin Margomulyo
364,Kabupaten Bojonegoro,Desa Wisata Jono
365,Kabupaten Bojonegoro,Agrowisata Belimbing Ngringinrejo
366,Kabupaten Bondowoso,Kebun Kopi Kalisat Jampit
367,Kabupaten Bondowoso,Air Terjun Blawan
368,Kabupaten Bondowoso,Air terjun Gentongan
369,Kabupaten Bondowoso,Air Terjun Goa Tunggal
370,Kabupaten Bondowoso,Air Terjun Tancak Kembar
371,Kabupaten Bondowoso,Arung Jeram Bosamba
372,Kabupaten Bondowoso,Batu So'on Solor
373,Kabupaten Bondowoso,Bosamba Rafting
374,Kabupaten Bondowoso,Bukit Mahadewa
375,Kabupaten Bondowoso,Hutan Pelangi Sumberwringin
376,Kabupaten Bondowoso,Kalipait
377,Kabupaten Bondowoso,Kawah Ijen
378,Kabupaten Bondowoso,Kawah Wurung
379,Kabupaten Bondowoso,Black Lava Plalangan
380,Kabupaten Bondowoso,Patirana P28
381,Kabupaten Bondowoso,Pemandian Air Panas Blawan
382,Kabupaten Bondowoso,Pemandangan Arak Arak
383,Kabupaten Bondowoso,Pendakian Gunung Raung
384,Kabupaten Bondowoso,Perkebunan Kopi Arabica
385,Kabupaten Bondowoso,Puncak Megasari
386,Kabupaten Bondowoso,Potreh Koning
387,Kabupaten Bondowoso,River Tubing Tlogosari
388,Kabupaten Bondowoso,Guest House Jampit
389,Kabupaten Bondowoso,Pemandian Al Amin
390,Kabupaten Bondowoso,Pemandian Air Panas Blawan
391,Kabupaten Bondowoso,Pemandian Tasnan Baru
392,Kabupaten Bondowoso,Pemandian Renang Karisma
393,Kabupaten Bondowoso,Pemandian Kelapa Gading
394,Kabupaten Bondowoso,Pemandian WOW Putra Demang
395,Kabupaten Bondowoso,Pusat Informasi Megalitik Bondowoso
396,Kabupaten Bondowoso,Kebun Raya Silvopastura Sumber Salak
397,Kabupaten Bondowoso,Rest Area Saung Naga
398,Kabupaten Bondowoso,Wisata Bukit Luwih
399,Kabupaten Bondowoso,Wisata Desa Agrapana
400,Kabupaten Bondowoso,Wisata Desa Kave Melok
401,Kabupaten Bondowoso,Sky Garden Wonoboyo
402,Kabupaten Bondowoso,Wisata Rumah Selfie Penambangan
403,Kabupaten Bondowoso,Batik Sumbersari / The Waroeng
404,Kabupaten Bondowoso,Goa Bhuto Sumber Wringin
405,Kabupaten Bondowoso,Makam Ki Ronggo
406,Kabupaten Bondowoso,Makam Kiai Mas Prajekan
407,Kabupaten Bondowoso,Makam Mbah Singo
408,Kabupaten Bondowoso,Museum Kereta Api Bondowoso
409,Kabupaten Bondowoso,Padepokan Seni Gema Buana
410,Kabupaten Bondowoso,Situs Banyu Putih
411,Kabupaten Bondowoso,Situs Glingseran
412,Kabupaten Bondowoso,Situs Pakauman
413,Kabupaten Bondowoso,Situs Pujer
414,Kabupaten Bondowoso,Situs Sukosari
415,Kabupaten Bondowoso,Situs Sumber Wringin
416,Kabupaten Bondowoso,Situs Tanah Wulan
417,Kabupaten Bondowoso,Situs Tegal Mijin
418,Kabupaten Bondowoso,Wisata Taman Rengganis Dan Situs
419,Kabupaten Bondowoso,Desa Wisata Organik Lombok Kulon
420,Kabupaten Bondowoso,Desa Wisata Alam Rengganis
421,Kabupaten Bondowoso,Desa Wisata Tirta Agung
422,Kabupaten Bondowoso,Desa Wisata Penambangan Kampung Indian
423,Kabupaten Bondowoso,Desa Wisata Kreatif Nangkaan
424,Kabupaten Bondowoso,Lampata Patek Desa Walidono
425,Kabupaten Bondowoso,Teduh Glamping
426,Kabupaten Bondowoso,Desa Ramban Kulon
427,Kabupaten Bondowoso,Desa Pekauman
428,Kabupaten Gresik,Air Panas Kepuh
429,Kabupaten Gresik,Air Panas Sawahmulya
430,Kabupaten Gresik,Air Panas Sungarujing
431,Kabupaten Gresik,Air Terjun Kuduk-Kuduk
432,Kabupaten Gresik,Air Terjun Laccar
433,Kabupaten Gresik,Air Terjun Teluk Jati Lawang
434,Kabupaten Gresik,Bukit Surowiti
435,Kabupaten Gresik,Danau Kastoba
436,Kabupaten Gresik,Mangrove Hijau Daun
437,Kabupaten Gresik,Muara Bengawan Solo
438,Kabupaten Gresik,Pantai Delegan Wisid
439,Kabupaten Gresik,Pantai Kerong Mambhul
440,Kabupaten Gresik,Pantai Labuhan
441,Kabupaten Gresik,Pantai Mayang Kara
442,Kabupaten Gresik,Pantai Ria
443,Kabupaten Gresik,Pantai Terusan (Wisata Bahari Selayar)
444,Kabupaten Gresik,Pasir Putih Sukakoneng
445,Kabupaten Gresik,Pulau Cina
446,Kabupaten Gresik,Pulau Gili
447,Kabupaten Gresik,Pulau Gili Barat
448,Kabupaten Gresik,Pulau Noko Selayar
449,Kabupaten Gresik,Pulau Noko Gili
450,Kabupaten Gresik,Pulau Selayar
451,Kabupaten Gresik,Tanjung Geen
452,Kabupaten Gresik,Wisata Alam Gosari
453,Kabupaten Gresik,Wisata Banyubiru Lowayu
454,Kabupaten Gresik,Wisata Sambipondok
455,Kabupaten Gresik,Wisata Selo Tirto Giri
456,Kabupaten Gresik,Edu Wisata Lontar Sewu
457,Kabupaten Gresik,Penangkaran Rusa
458,Kabupaten Gresik,Wisata Pendidikan Perpus. Daerah
459,Kabupaten Gresik,Kampung Kemasan
460,Kabupaten Gresik,Kuburan Panjang
461,Kabupaten Gresik,Makam Cokrokusumo
462,Kabupaten Gresik,Makam  Dewi Sekardadu
463,Kabupaten Gresik,Makam Jujuk Campa
464,Kabupaten Gresik,Makam Jujuk Tampo
465,Kabupaten Gresik,Makam M.M. Ibrahim
466,Kabupaten Gresik,Makam Mulana Umar Mas'ud
467,Kabupaten Gresik,Makam Nyai Ageng Pinatih
468,Kabupaten Gresik,Makam Pangeran Purbonegoro
469,Kabupaten Gresik,Makam Pusponegoro
470,Kabupaten Gresik,Makam Raden Santri
471,Kabupaten Gresik,Makam Siti Fatimah
472,Kabupaten Gresik,Makam Sunan Giri
473,Kabupaten Gresik,Makam Sunan Prapen
474,Kabupaten Gresik,Makam Waliyah Zaenab
475,Kabupaten Gresik,Museum Sunan Giri
476,Kabupaten Gresik,Putri Cempo
477,Kabupaten Gresik,Situs Giri Kedaton
478,Kabupaten Gresik,Situs Lasem
479,Kabupaten Gresik,Wisata Pasir Putih Dalegan
480,Kabupaten Gresik,Desa Wisata Doudo
481,Kabupaten Gresik,Desa Wisata Sekapuk
482,Kabupaten Gresik,Desa Wisata Gosari
483,Kabupaten Gresik,Desa Wisata Hendrosari
484,Kabupaten Gresik,Desa Wisata Sidokumpul
485,Kabupaten Gresik,Desa Wisata Giri
486,Kabupaten Gresik,Desa Wisata Manyarsidomukti
487,Kabupaten Gresik,Desa Wisata Kemangi
488,Kabupaten Gresik,Desa Wisata Surowiti
489,Kabupaten Gresik,Desa Wisata Pangkahwetan
490,Kabupaten Gresik,Desa Wisata Pangkahkulon
491,Kabupaten Gresik,Desa Wisata Banyuurip
492,Kabupaten Gresik,Desa Wisata Sambi Pondok
493,Kabupaten Jember,Air Terjun Tancak
494,Kabupaten Jember,Pantai Nanggelan
495,Kabupaten Jember,Pantai Pancer Puger
496,Kabupaten Jember,Pantai Tanjung Papuma
497,Kabupaten Jember,Pantai Watu Ulo
498,Kabupaten Jember,TN. Merubetiri
499,Kabupaten Jember,Wisata Agro Glantangan
500,Kabupaten Jember,Wisata Agro Rengganis
501,Kabupaten Jember,Dira Park
502,Kabupaten Jember,Golf Glantangan
503,Kabupaten Jember,Happy Fun
504,Kabupaten Jember,Kampung Wisata  Belajar Tanoker
505,Kabupaten Jember,Mumbul Garden
506,Kabupaten Jember,Museum Tembakau Jember
507,Kabupaten Jember,Niagara Water Park
508,Kabupaten Jember,Pemandian Kebon Agung
509,Kabupaten Jember,Pemandian Patemon
510,Kabupaten Jember,Wisata Rembangan
511,Kabupaten Jember,Pontang Jaya
512,Kabupaten Jember,Taman Botani Sukorambi
513,Kabupaten Jember,Tiara Jember Park Waterboom
514,Kabupaten Jember,Wisata Batu Jabung
515,Kabupaten Jember,Kampung Wisata Tanoker
516,Kabupaten Jember,Desa Wisata Kemuning Lor
517,Kabupaten Jember,Desa Sumberrejo
518,Kabupaten Jember,Desa Sukorambi
519,Kabupaten Jember,Desa Wisata Sumber Salak
520,Kabupaten Jombang,Sendang Made
521,Kabupaten Jombang,Wana Wisata Sumber Boto
522,Kabupaten Jombang,De Durian Park Wonosalam
523,Kabupaten Jombang,Eco Wisata Banyu Milli Wonosalam
524,Kabupaten Jombang,Kolam Renang Tirta Satria
525,Kabupaten Jombang,Tirta Winata
526,Kabupaten Jombang,Tirta Wisata
527,Kabupaten Jombang,Candi Rimbi
528,Kabupaten Jombang,Makam Gus Dur
529,Kabupaten Jombang,Makam Sayyid Sulaiman
530,Kabupaten Jombang,Petilisan Damarwulan
531,Kabupaten Jombang,Prasasti Gurit
532,Kabupaten Jombang,Prasasti Tengaran
533,Kabupaten Jombang,Situs Goa Made
534,Kabupaten Jombang,Situs Gunung Pucangan
535,Kabupaten Jombang,Yoni Gambar
536,Kabupaten Jombang,Desa Wisata Tambakrejo
537,Kabupaten Jombang,Desa Wisata Pojok Klitih
538,Kabupaten Jombang,Desa Wisata Galengdowo
539,Kabupaten Jombang,Desa Wisata Wonosalam
540,Kabupaten Jombang,Desa Wisata Ngampungan
541,Kabupaten Jombang,Desa Wisata Wonomerto
542,Kota Kediri,Goa Selomangleng
543,Kota Kediri,Kolam Renang Tirtoyoso
544,Kota Kediri,Pemandian Pagora
545,Kota Kediri,Sumber Banteng
546,Kota Kediri,Suya Taman Wisata
547,Kota Kediri,Tirta Indah
548,Kota Kediri,Museum Airlangga
549,Kota Kediri,Kampung Tenun Ikat
550,Kota Kediri,Wisata Edukasi Kampung Tahu
551,Kota Kediri,Kampung Jamu
552,Kabupaten Kediri,Agrowisata Sepawon
553,Kabupaten Kediri,Air Terjun Nglayangan
554,Kabupaten Kediri,Bukit Dhoho Indah
555,Kabupaten Kediri,Gunung Kelud
556,Kabupaten Kediri,Sumber Sugih Waras
557,Kabupaten Kediri,Wisata Sumber Jembangan
558,Kabupaten Kediri,Wana Wisata Sumber Podang
559,Kabupaten Kediri,Wana Wisata Ubalan
560,Kabupaten Kediri,B. Gerak Waru Turi
561,Kabupaten Kediri,Gumul Paradise Island
562,Kabupaten Kediri,Gronjong Wariti
563,Kabupaten Kediri,Indian Village
564,Kabupaten Kediri,Kampung Anggrek SSP
565,Kabupaten Kediri,Kampung Inggris Pare
566,Kabupaten Kediri,Kampung Labu
567,Kabupaten Kediri,Kampung Luwak
568,Kabupaten Kediri,Kawasan Sri Aji Joyoboyo
569,Kabupaten Kediri,Kawasan Wisata Besuki
570,Kabupaten Kediri,Kawasan Gereja Puh Sarang
571,Kabupaten Kediri,Monumen Simpang Lima Gumul
572,Kabupaten Kediri,Kawasan Wisata Surowono
573,Kabupaten Kediri,Kediri Waterpark
574,Kabupaten Kediri,Korea Fantasy
575,Kabupaten Kediri,Melta waterland Kediri
576,Kabupaten Kediri,Taman Ria Corah
577,Kabupaten Kediri,Wisata Alaska Alas Karetan
578,Kabupaten Kediri,Wisata Ongakan
579,Kabupaten Kediri,Wisata Pancar Wonotrto
580,Kabupaten Kediri,Arca Totok Kerot
581,Kabupaten Kediri,Candi Tegowangi
582,Kabupaten Kediri,Ndalem Pojok Situs Bungkarno Kediri
583,Kabupaten Kediri,Prasasti Tangkilan
584,Kabupaten Kediri,Situs Artefak Brumbung
585,Kabupaten Kediri,Situs Adan- Adan
586,Kabupaten Kediri,Situs Calon Arang
587,Kabupaten Kediri,Situs Candi Dorok
588,Kabupaten Kediri,Situs Candi Surowono
589,Kabupaten Kediri,Situs Gambyok
590,Kabupaten Kediri,Situs Namba'an
591,Kabupaten Kediri,Situs Prasasti Pohsarang
592,Kabupaten Kediri,Situs Semen
593,Kabupaten Kediri,Situs Tondowongso
594,Kabupaten Kediri,Situs Tunglur
595,Kabupaten Kediri,Desa Wisata Jambu
596,Kabupaten Kediri,Desa Wisata Sugih Waras
597,Kabupaten Kediri,Desa Wisata Medowo
598,Kabupaten Kediri,Desa Wisata JOHO SUMBER PODANG
599,Kabupaten Kediri,Desa Wisata Jugo
600,Kabupaten Kediri,Desa Wisata Canggu
601,Kabupaten Kediri,Desa Wisata Mejono
602,Kabupaten Kediri,Desa Wisata Dukuh
603,Kabupaten Kediri,Desa Wisata Ngadi
604,Kabupaten Kediri,Desa Wisata Tawang
605,Kabupaten Kediri,Desa Wisata Pojok
606,Kabupaten Kediri,Desa Wisata Pranggang
607,Kabupaten Kediri,Desa Wisata Paron
608,Kabupaten Kediri,Desa Wisata Puncu
609,Kabupaten Kediri,Desa Wisata Kawedusan
610,Kabupaten Kediri,Desa Wisata Menang
611,Kabupaten Kediri,Desa Wisata Tempurejo
612,Kabupaten Kediri,Desa Wisata Kedung Malang
613,Kabupaten Kediri,Desa Wisata Sempu
614,Kabupaten Kediri,Kampung Inggris
615,Kabupaten Kediri,Desa Wisata Gayam
616,Kabupaten Lamongan,Agrowisata Besur
617,Kabupaten Lamongan,Goa Maharani Mazoola
618,Kabupaten Lamongan,Pantai Kutang
619,Kabupaten Lamongan,Waduk Gondang
620,Kabupaten Lamongan,Wisata Bahari Lamongan
621,Kabupaten Lamongan,pemandian air panas Brumbun
622,Kabupaten Lamongan,Obyek Wisata Trinil
623,Kabupaten Lamongan,Monumen Vand Der Wijk
624,Kabupaten Lamongan,Wego
625,Kabupaten Lamongan,Makam Maulana Ishaq
626,Kabupaten Lamongan,Makam Nyi Andong Sari
627,Kabupaten Lamongan,Makam Sendang Duwur
628,Kabupaten Lamongan,Makam Sunan Drajad
629,Kabupaten Lamongan,Museum Drajat
630,Kabupaten Lamongan,Desa Wisata Sendang Duwur
631,Kabupaten Lamongan,Pantai Kutang
632,Kabupaten Lamongan,Bukit Suru Lembor
633,Kabupaten Lumajang,Simbar Semeru
634,Kabupaten Lumajang,Air Terjun Kapas Biru
635,Kabupaten Lumajang,Air Terjun Kabut Pelangi
636,Kabupaten Lumajang,Air Terjun Trap Sewu
637,Kabupaten Lumajang,Air Terjun Cuban Telu
638,Kabupaten Lumajang,Air Terjun Watu Lapis
639,Kabupaten Lumajang,Pemandian Alkautsar
640,Kabupaten Lumajang,Taman Bunga You & I Sakura
641,Kabupaten Lumajang,Makam Mbah Drajid
642,Kabupaten Lumajang,Gunung Wayang
643,Kabupaten Lumajang,Pemandian Alam Semeru
644,Kabupaten Lumajang,Wisata Alam Hutan Bambu
645,Kabupaten Lumajang,Kawasan Pantai Dampar Indah
646,Kabupaten Lumajang,Kawasan Pendakian Gunung Semeru
647,Kabupaten Lumajang,Pantai Bambang
648,Kabupaten Lumajang,Candi Gedong Putri
649,Kabupaten Lumajang,Sumber Mrutu
650,Kabupaten Lumajang,Pantai Watu Pecak
651,Kabupaten Lumajang,Pantai Mbah Drajid Wotgalih
652,Kabupaten Lumajang,Sumber Takir Park
653,Kabupaten Lumajang,Puncak B29 Argosari
654,Kabupaten Lumajang,Mini Tubing Tumpak Selo
655,Kabupaten Lumajang,Ranupani
656,Kabupaten Lumajang,Ranu Klakah
657,Kabupaten Lumajang,Panorama Air Terjun Tumpak Sewu
658,Kabupaten Lumajang,Kawasan Agrowisata Kebun Teh Kertowono
659,Kabupaten Lumajang,Kolam Renang Veteran
660,Kabupaten Lumajang,Pure Agung Amertha Buana
661,Kabupaten Lumajang,Pemandian Alam Tirtosari View
662,Kabupaten Lumajang,Pemandian Joyokarto
663,Kabupaten Lumajang,Pemandian Kayu Batu
664,Kabupaten Lumajang,Pemandian Alam Selokambang
665,Kabupaten Lumajang,Pemandian Surojoyo
666,Kabupaten Lumajang,Pemandian Telaga Semeru
667,Kabupaten Lumajang,Pemandian Tirtowono
668,Kabupaten Lumajang,Taman Wisata Tambuh Raya Idaman
669,Kabupaten Lumajang,Bumi Perkemahan Glagah Arum
670,Kabupaten Lumajang,Water Park
671,Kabupaten Lumajang,Dalan Tegalan Destinasi Wisata dan Budaya
672,Kabupaten Lumajang,Ranu Pakis
673,Kabupaten Lumajang,Museum Daerah Kabupaten Lumajang
674,Kabupaten Lumajang,Pura Mandara Giri Semeru Agung
675,Kabupaten Lumajang,Situs Biting
676,Kabupaten Lumajang,Pendakian Gunung Lemongan
677,Kabupaten Lumajang,Desa Argosari
678,Kabupaten Lumajang,Desa Banjarwaru
679,Kabupaten Lumajang,Desa Kandangtepus
680,Kabupaten Lumajang,View Point Bantengan
681,Kabupaten Lumajang,Desa Selok Awar-Awar
682,Kabupaten Lumajang,Desa Sumbermujur
683,Kabupaten Lumajang,Desa Burno
684,Kabupaten Lumajang,Desa Ranupani
685,Kabupaten Lumajang,Desa Gucialit
686,Kabupaten Lumajang,Sriti Camp Ground
687,Kabupaten Lumajang,Desa Senduro
688,Kabupaten Lumajang,Ranu Regulo
689,Kabupaten Lumajang,Desa Sidomulyo
690,Kabupaten Lumajang,Desa Ranu Bedali
691,Kabupaten Lumajang,Desa Pagowan
692,Kabupaten Lumajang,Desa Condro
693,Kabupaten Lumajang,Desa Petahunan
694,Kabupaten Lumajang,Desa Wotgalih
695,Kabupaten Lumajang,Desa Pundungsari
696,Kabupaten Lumajang,Kampung Wisata Ditotrunan
697,Kabupaten Lumajang,Desa Pronojiwo
698,Kabupaten Lumajang,Desa Supit Urang
699,Kabupaten Lumajang,Desa Oro Oro Ombo
700,Kabupaten Lumajang,Desa Taman Ayu
701,Kabupaten Lumajang,Desa Sumberwuluh
702,Kabupaten Lumajang,Panorama Grojogan Sewu
703,Kabupaten Lumajang,Desa Pandansari
704,Kabupaten Lumajang,Desa Kandangan
705,Kabupaten Lumajang,Desa Sarikemuning
706,Kabupaten Lumajang,Desa Wonocempoko Ayu
707,Kabupaten Lumajang,Desa Penanggal
708,Kabupaten Lumajang,Pemandian Randu Pinus
709,Kabupaten Lumajang,Desa Pasrujambe
710,Kota Madiun,Perum Perhutani
711,Kota Madiun,ARBORETUM
712,Kota Madiun,Bluder Cokro
713,Kota Madiun,INKA
714,Kota Madiun,Taman Olahraga Lapangan Gulun Madiun
715,Kota Madiun,Pahlawan Street Center dan Pendistrian Balai Kota Madiun
716,Kota Madiun,Suncity Waterpark
717,Kota Madiun,Stadion Wilis / Gor Wilis
718,Kota Madiun,Taman Lalu Lintas Bantaran Kali Madiun
719,Kota Madiun,Taman Wisata Trembesi
720,Kota Madiun,THR Retno Dumilah Park
721,Kota Madiun,Makam Kuncen
722,Kota Madiun,Masjid Kuno Kuncen
723,Kota Madiun,Masjid Kuno Taman
724,Kota Madiun,Makam Kuno Taman
725,Kabupaten Madiun,Padepokan SH Terate
726,Kabupaten Madiun,Air Terjun Kerto Embo
727,Kabupaten Madiun,Waduk Bening Widas
728,Kabupaten Madiun,Waduk Saradan
729,Kabupaten Madiun,Wana Wisata Grape
730,Kabupaten Madiun,Watu Rumpuk
731,Kabupaten Madiun,Papringan Kali Kerto
732,Kabupaten Madiun,Kampung Ceria Pule
733,Kabupaten Madiun,Lembah Wilis
734,Kabupaten Madiun,Madiun Umbul Square
735,Kabupaten Madiun,Pancur Pitu
736,Kabupaten Madiun,Pasar Pundensari
737,Kabupaten Madiun,Randu Dampit
738,Kabupaten Madiun,Selo Gedong
739,Kabupaten Madiun,Taman Gligi
740,Kabupaten Madiun,Tambak lare
741,Kabupaten Madiun,Taman Raden Sekar Park
742,Kabupaten Madiun,Waterpark Batok
743,Kabupaten Madiun,Wisata Nongko Ijo
744,Kabupaten Madiun,Peken Lawas Candimulyo
745,Kabupaten Madiun,Kresek
746,Kabupaten Madiun,Makam Kuncen Caruban
747,Kabupaten Madiun,Situs Wonorejo
748,Kabupaten Madiun,Desa wisata Brumbun
749,Kabupaten Madiun,Desa Mendak
750,Kabupaten Madiun,Desa Kepel
751,Kabupaten Madiun,Desa Durenan
752,Kabupaten Madiun,Dusun Seweru
753,Kabupaten Madiun,Desa Gunungsari
754,Kabupaten Madiun,Desa Pule
755,Kabupaten Madiun,Desa Candimulyo
756,Kabupaten Madiun,Desa Kresek
757,Kabupaten Madiun,Desa Nglambangan
758,Kabupaten Madiun,Desa Batok
759,Kabupaten Madiun,Desa Segulung
760,Kabupaten Madiun,Desa Singgahan
761,Kabupaten Madiun,Desa Tambakmas
762,Kabupaten Madiun,Desa Kaliabu
763,Kabupaten Magetan,Air Terjun Tirtosari
764,Kabupaten Magetan,Air Terjun Waton Jamas Ndak Tuo
765,Kabupaten Magetan,Dam Jati
766,Kabupaten Magetan,Cemoro Sewu
767,Kabupaten Magetan,Telaga Sarangan
768,Kabupaten Magetan,Telaga Wahyu
769,Kabupaten Magetan,Wisata Sumber Dodol
770,Kabupaten Magetan,Buper Sarangan
771,Kabupaten Magetan,Kampung Batik Sidomukti
772,Kabupaten Magetan,Kampung Susu Singolangu
773,Kabupaten Magetan,Kosala Tirta
774,Kabupaten Magetan,Lawu Green Forest
775,Kabupaten Magetan,Mbah Djoe Resort
776,Kabupaten Magetan,Magetan Green Garden
777,Kabupaten Magetan,Magetan Park
778,Kabupaten Magetan,Mojosemi Forest Park
779,Kabupaten Magetan,Omah Jowo
780,Kabupaten Magetan,Perkemahan Mojosemi
781,Kabupaten Magetan,Randugede Hidden Paradise
782,Kabupaten Magetan,Sendang Bening
783,Kabupaten Magetan,Taman Bunga Refugia
784,Kabupaten Magetan,Taman Geni Langit
785,Kabupaten Magetan,Taman Wisata Jabung
786,Kabupaten Magetan,Taman Wisata Ujung Kulon
787,Kabupaten Magetan,Tirto Gumarang
788,Kabupaten Magetan,Candi Simbatan Wetan
789,Kabupaten Magetan,Desa Wisata Dam Jati Gogata
790,Kabupaten Magetan,Desa Wisata Geni Langit
791,Kabupaten Magetan,Desa Wisata Jabung
792,Kabupaten Magetan,Desa Wisata Ngancar
793,Kabupaten Magetan,Desa Wisata Tapen
794,Kabupaten Magetan,Desa Wisata Janggan
795,Kabupaten Magetan,Desa Wisata Sidomukti
796,Kabupaten Magetan,Desa Wisata Temboro
797,Kabupaten Magetan,Desa Wisata Purwodadi
798,Kabupaten Magetan,Desa Wisata Pojoksari
799,Kabupaten Magetan,Desa Wisata Sarangan
800,Kabupaten Magetan,Desa Wisata Sumber Dodol
801,Kabupaten Magetan,Desa Wisata Pojok Magetan
802,Kabupaten Magetan,Desa Wisata Singolangu
803,Kabupaten Magetan,Desa Wisata Sukomoro
804,Kabupaten Magetan,Desa Wisata Maospati
805,Kabupaten Magetan,Desa Wisata Simbatan
806,Kabupaten Magetan,Desa Wisata Gandek Kawedanan
807,Kabupaten Magetan,Desa Wisata Tanjungsari
808,Kabupaten Magetan,Desa Wisata Soco
809,Kabupaten Magetan,Desa Wisata Gandu Karangrejo
810,Kabupaten Magetan,Desa Wisata Candirejo
811,Kabupaten Magetan,Desa Wisata Gunung Bancak Kawedanan
812,Kabupaten Magetan,Desa Wisata Clerek Driyorejo
813,Kabupaten Magetan,Desa Wisata Kediren Lembeyan
814,Kabupaten Magetan,Desa Wisata Sumbergangging Sidomulyo Sidorejo
815,Kabupaten Magetan,Desa Wisata Wonomulyo Genilangit
816,Kabupaten Magetan,Desa Wisata Bukit Sembrini Banjarpanjang Ngariboyo
817,Kota Malang,Alun alun Kota Malang
818,Kota Malang,Alun alun Tugu Balaikota
819,Kota Malang,Club House Istana Dieng
820,Kota Malang,Fantasy Land Tlogomas
821,Kota Malang,Hawai Waterpark
822,Kota Malang,Kampung Biru Arema
823,Kota Malang,Koridor Kajoetangan
824,Kota Malang,Kampung Budaya Polowijen
825,Kota Malang,Idjen Boulevard
826,Kota Malang,Kampung Keramik Dinoyo
827,Kota Malang,Kampung Sanan Tempe
828,Kota Malang,Kampung Terapi Hjau
829,Kota Malang,Kampung Tridi
830,Kota Malang,Kampung Warna-Warni
831,Kota Malang,Wisata Gantangan Burung
832,Kota Malang,Eco Club Citra Garden
833,Kota Malang,Malang Night Market
834,Kota Malang,Perpustakaan Kota Malang
835,Kota Malang,Batik Soendari Malang
836,Kota Malang,Taman Cerdas Trunojoyo
837,Kota Malang,Taman Kunang-Kunang
838,Kota Malang,Taman Merbabu
839,Kota Malang,TamanSingha Merjosari
840,Kota Malang,Pasar Bunga dan Burung Splendid
841,Kota Malang,Kampoeng Qur'an Wijaya Kusuma
842,Kota Malang,Taman Rekreasi Telogo Mas
843,Kota Malang,Taman Slamet
844,Kota Malang,Trans Studio Mini Malang
845,Kota Malang,Wisata Belanja Tugu
846,Kota Malang,Wisata Belanja Velodrome
847,Kota Malang,Museum Brawijaya
848,Kota Malang,Museum Empu Purwa
849,Kota Malang,Kampung Karang Besuki
850,Kota Malang,Museum Musik Indonesia
851,Kota Malang,Kampung Wisata Jodipan
852,Kota Malang,Kampung Putih
853,Kota Malang,kampung keramat kasin
854,Kota Malang,Kampung Gribig Religius
855,Kota Malang,Kampung Heritage Kajoetangan
856,Kota Malang,Kampung Gerabah Penanggungan
857,Kota Malang,Kampung Biru Arema
858,Kota Malang,Kawasan Wisata Panawidjen
859,Kota Malang,Kampung Lampion Wangi
860,Kota Malang,Kampung Glintung Water Street
861,Kota Malang,Kampung Rolakku Indah
862,Kota Malang,Kampung Bamboo Mewek Park
863,Kota Malang,Koeboeran Londo
864,Kota Malang,Kampung Terapi Hijau
865,Kota Malang,Kampung Satrio Turonggo Jati
866,Kota Malang,Kampung seribu Topeng
867,Kota Malang,Kampung Nila Slilir
868,Kabupaten Malang,Wisata Agro Wonosari (Kebun Teh Wonosari)
869,Kabupaten Malang,Pantai Teluk Kletekan
870,Kabupaten Malang,Pemandian Banyu Biru/Sumber Biru
871,Kabupaten Malang,Bumi Perkemahan Bedengan
872,Kabupaten Malang,Bromo Tengger Semeru
873,Kabupaten Malang,Budug Asu
874,Kabupaten Malang,Umbulan Tanaka Waterfall
875,Kabupaten Malang,Coban Baung
876,Kabupaten Malang,Coban Bidadari
877,Kabupaten Malang,Coban Cinde
878,Kabupaten Malang,Coban Glothak
879,Kabupaten Malang,Coban Grojokan Sewu
880,Kabupaten Malang,Coban Jahe
881,Kabupaten Malang,Caban Kembar
882,Kabupaten Malang,Coban Kethak
883,Kabupaten Malang,Coban Parang Tejo
884,Kabupaten Malang,Coban Pelangi
885,Kabupaten Malang,Coban Rondo
886,Kabupaten Malang,Alas Pujon Coban Sadang
887,Kabupaten Malang,Coban Sewu
888,Kabupaten Malang,Coban Sumber Pitu Tumpang
889,Kabupaten Malang,Coban Tundo
890,Kabupaten Malang,Clungup Mangrove Conservation Tiga Warna
891,Kabupaten Malang,Gunung Sari Sunset
892,Kabupaten Malang,Hutan Pinus Semeru
893,Kabupaten Malang,Kasembon Park (K-Park)
894,Kabupaten Malang,Pantai Jonggring Saloko
895,Kabupaten Malang,Pantai Perawan Sidoasri
896,Kabupaten Malang,Pantai Clungup
897,Kabupaten Malang,Pantai Bajul Mati
898,Kabupaten Malang,Pantai Balekambang
899,Kabupaten Malang,Pantai Bantol
900,Kabupaten Malang,Pantai Banyu Anjlok
901,Kabupaten Malang,Pantai Batu Bengkung
902,Kabupaten Malang,Pantai Goa Cina
903,Kabupaten Malang,Pantai Jembatan Panjang
904,Kabupaten Malang,Pantai Kondang Merak
905,Kabupaten Malang,Pantai Lenggoksono
906,Kabupaten Malang,Pantai Modangan
907,Kabupaten Malang,Pantai Nganteb
908,Kabupaten Malang,Pantai Ngliyep
909,Kabupaten Malang,Pantai Ngudel
910,Kabupaten Malang,Panta Parang Dowo
911,Kabupaten Malang,Pantai Pasir Panjang
912,Kabupaten Malang,Pantai Pasir putih
913,Kabupaten Malang,Pantai Regent
914,Kabupaten Malang,Pantai Bangsong
915,Kabupaten Malang,Pantai Selok
916,Kabupaten Malang,Pantai Sendang Biru
917,Kabupaten Malang,Pantai Sendiki
918,Kabupaten Malang,Pantai Tamban
919,Kabupaten Malang,Pantai Tiga Warna
920,Kabupaten Malang,Pantai Ungapan
921,Kabupaten Malang,Pantai Watu Leter
922,Kabupaten Malang,Pantai Wonogoro
923,Kabupaten Malang,Sumber Jenon
924,Kabupaten Malang,Sumber Nagan
925,Kabupaten Malang,Sumber Sirah
926,Kabupaten Malang,Waduk Karangkates
927,Kabupaten Malang,Bendungan Selorejo/ Waduk Selorejo
928,Kabupaten Malang,Flora Wisata San Terra
929,Kabupaten Malang,Hawai Waterpark
930,Kabupaten Malang,Kampung Enem
931,Kabupaten Malang,Bonderland Waterpark
932,Kabupaten Malang,Lembah Bromo (Ledok Amprong)
933,Kabupaten Malang,Ledok Ombo
934,Kabupaten Malang,Lembah Indah
935,Kabupaten Malang,Lembah Tumpang
936,Kabupaten Malang,Pemandian Desa Wisata Sri
937,Kabupaten Malang,Petirtaan Ken Dedes Watugede
938,Kabupaten Malang,Pemandian Metro
939,Kabupaten Malang,Pemandian Ranu Sosro
940,Kabupaten Malang,Pemandian Sumber Maron
941,Kabupaten Malang,Pemandian Sumber Taman
942,Kabupaten Malang,Pemandian Sumber Waras
943,Kabupaten Malang,Petik Madu
944,Kabupaten Malang,Precet Forest Park
945,Kabupaten Malang,Rest Area Ngantang
946,Kabupaten Malang,Candi Songgoriti
947,Kabupaten Malang,Wisata Religi Sumur Pitu
948,Kabupaten Malang,Sumber Suko Forest Park
949,Kabupaten Malang,Taman kelinci
950,Kabupaten Malang,Taman Kemesraan
951,Kabupaten Malang,Taman Wisata Air Wendit
952,Kabupaten Malang,Taman Wisata Selo Agung
953,Kabupaten Malang,Pantai Gunung Kombang/Wisata Gunung Kombang
954,Kabupaten Malang,Taman Wisata Lembah Dieng
955,Kabupaten Malang,Taman Rekreasi Sengkaling
956,Kabupaten Malang,UFO Park & Capsule
957,Kabupaten Malang,Waduk Selorejo
958,Kabupaten Malang,Waduk Sutami Lahor
959,Kabupaten Malang,Wisata Blayu Lesti Lestari
960,Kabupaten Malang,Wisata Agro
961,Kabupaten Malang,Arca Dwarapala
962,Kabupaten Malang,Arca Ganesha
963,Kabupaten Malang,Candi Badut
964,Kabupaten Malang,Candi Jago
965,Kabupaten Malang,Candi Jawar
966,Kabupaten Malang,Candi Kidal
967,Kabupaten Malang,Candi Singosari
968,Kabupaten Malang,Stupa Sumberawan
969,Kabupaten Malang,Candi Watu Gede
970,Kabupaten Malang,Wisata Religi Keraton Gunung Kawi
971,Kabupaten Malang,Makam Seco Setuhu
972,Kabupaten Malang,Masjid Tiban
973,Kabupaten Malang,Pertirtaan Tlogosari
974,Kabupaten Malang,Pesarean Gunung Kawi
975,Kabupaten Malang,Petilasan Watu Gilang
976,Kabupaten Malang,Makam Mbah Bergas
977,Kabupaten Malang,Desa Wisata Gubugklakah
978,Kabupaten Malang,Desa Wisata Pujon Kidul
979,Kabupaten Malang,Desa Wisata Sanankerto Boonpring
980,Kabupaten Malang,Desa Wisata Bowele Purwodadi
981,Kabupaten Malang,Desa Wisata Tambakrejo
982,Kabupaten Malang,Desa Wisata Ngadirejo
983,Kabupaten Malang,Desa Wisata Sambang Sedulor Pujiharjo
984,Kabupaten Malang,Desa Adat Ngadas
985,Kabupaten Malang,Desa Wisata Poncokusumo
986,Kabupaten Malang,Desa Wisata PKK Waturejo
987,Kabupaten Malang,Desa Wisata Ampelgading
988,Kabupaten Malang,Desa Wisata Wonosari
989,Kabupaten Malang,Desa Wisata Selorejo
990,Kabupaten Malang,Desa Wisata Kampung Ratu
991,Kabupaten Malang,Desa Wisata Sumber Ngepoh
992,Kabupaten Malang,Desa Wisata Jeru
993,Kabupaten Malang,Desa Wisata Sunny Mulyorejo
994,Kabupaten Malang,Kampung Ekowisata Bendosari
995,Kabupaten Malang,Desa Wisata Pramuka Lebakharjo
996,Kabupaten Malang,Desa Wisata Paralayang Sumberoto
997,Kabupaten Malang,Desa Wisata Jambuwer
998,Kabupaten Malang,Desa Wisata Kaki Langit Taji
999,Kota Mojokerto,Kawasan Jogging Track
1000,Kota Mojokerto,Kolam Renang Royal Regency
1001,Kota Mojokerto,Kolam Renang Royal Waterpark
1002,Kota Mojokerto,Mojokerto Fantastik Park
1003,Kota Mojokerto,Pemandian Sekarsari
1004,Kota Mojokerto,SDN Purwotengah 1 & 2
1005,Kota Mojokerto,SMPN 1 Kota Mojokerto
1006,Kota Mojokerto,SMPN 2 Kota Mojokerto
1007,Kota Mojokerto,Sungai Telusur
1008,Kota Mojokerto,Sunrise Mall
1009,Kota Mojokerto,TPA Randegan
1010,Kota Mojokerto,Villa Royal Waterpark
1011,Kota Mojokerto,Kawasan Benteng Pancasila
1012,Kota Mojokerto,Klenteng Hok San Kiong
1013,Kota Mojokerto,Makam Pakuncen Mbah Jimat
1014,Kota Mojokerto,Museum Gubug Wayang
1015,Kabupaten Mojokerto,Air Terjun Dlundung
1016,Kabupaten Mojokerto,Coban Canggu
1017,Kabupaten Mojokerto,Ekowisata Tanjungan
1018,Kabupaten Mojokerto,Wana Wisata Padusan Pacet
1019,Kabupaten Mojokerto,Pemandian Air Panas Padusan
1020,Kabupaten Mojokerto,Pemandian Ubalan Pacet
1021,Kabupaten Mojokerto,Candi Bajang Ratu
1022,Kabupaten Mojokerto,Candi Brahu
1023,Kabupaten Mojokerto,Candi Tikus
1024,Kabupaten Mojokerto,Makam Troloyo
1025,Kabupaten Mojokerto,Museum Trowulan
1026,Kabupaten Mojokerto,Petirtaan Jolotundo
1027,Kabupaten Mojokerto,Siti Inggil
1028,Kabupaten Mojokerto,Eko wisata Kampung Organik Brenjonk
1029,Kabupaten Mojokerto,Desa Wisata Terpadu Kebontunggal Lembah Mbencirang
1030,Kabupaten Mojokerto,Desa Wisata Sendi
1031,Kabupaten Mojokerto,Desa Wisata Bejijong
1032,Kabupaten Mojokerto,Desa Wisata Claket Indah
1033,Kabupaten Mojokerto,Desa Wisata Jatipasar
1034,Kabupaten Mojokerto,Desa Wisata Sentonorejo
1035,Kabupaten Mojokerto,Desa Wisata Jembul
1036,Kabupaten Mojokerto,Desa Wisata Randu Genengan
1037,Kabupaten Mojokerto,Desa Wisata Seloliman
1038,Kabupaten Mojokerto,Desa Wisata Dlundung
1039,Kabupaten Nganjuk,Air Terjun Sedudo
1040,Kabupaten Nganjuk,Goa Margo Tresno
1041,Kabupaten Nganjuk,Roro Kuning
1042,Kabupaten Nganjuk,Monumen Dr. Soetomo
1043,Kabupaten Nganjuk,Monumen Jendral Sudirman
1044,Kabupaten Nganjuk,Sri Tanjung Wisata Tirta
1045,Kabupaten Nganjuk,Taman Rekreasi Anjuk Ladang
1046,Kabupaten Nganjuk,Candi Banjarsari
1047,Kabupaten Nganjuk,Candi Lor
1048,Kabupaten Nganjuk,Candi Ngetos
1049,Kabupaten Nganjuk,Makam Dermojoyo
1050,Kabupaten Nganjuk,Makam Kanjeng Jimat
1051,Kabupaten Nganjuk,Makam Ki Ageng Aliman
1052,Kabupaten Nganjuk,Makam Malik Al Atos
1053,Kabupaten Nganjuk,Makam Mangundikoro
1054,Kabupaten Nganjuk,Makam Nduro
1055,Kabupaten Nganjuk,Makam Pakuncen
1056,Kabupaten Nganjuk,Makam Syech Syuluqi
1057,Kabupaten Nganjuk,Masjid Al Mubarok
1058,Kabupaten Nganjuk,Musium Anjuk Ladang
1059,Kabupaten Nganjuk,Padepokan Langen Tayub
1060,Kabupaten Nganjuk,Prasasti Bangle
1061,Kabupaten Nganjuk,Situs Condrogeni
1062,Kabupaten Nganjuk,Desa Wisata Kweden River Park
1063,Kabupaten Nganjuk,Desa Wisata Margopatut
1064,Kabupaten Nganjuk,Desa Wisata Ngetos
1065,Kabupaten Nganjuk,Desa Wisata Bareng (Bukit Surga)
1066,Kabupaten Nganjuk,Desa Wisata Ngliman
1067,Kabupaten Nganjuk,Desa Wisata Bajulan
1068,Kabupaten Nganjuk,Desa Wisata Sumberkepuh
1069,Kabupaten Nganjuk,Desa Wisata Betet
1070,Kabupaten Nganjuk,Desa Sumbermiri
1071,Kabupaten Nganjuk,Desa Blongko
1072,Kabupaten Nganjuk,Desa Bagor Kulon
1073,Kabupaten Nganjuk,Desa Pakuncen Wisata Religi
1074,Kabupaten Nganjuk,Desa Jekek
1075,Kabupaten Nganjuk,Desa Wisata Bendoasri
1076,Kabupaten Nganjuk,Desa Wisata Malangsari (Kuliner Kali Badug)
1077,Kabupaten Nganjuk,Desa Wisata Balonggebang
1078,Kabupaten Nganjuk,Desa Wisata Sugihwaras
1079,Kabupaten Nganjuk,Desa Wisata Ngluyu
1080,Kabupaten Nganjuk,Desa Wisata Gondang Wetan (Air Panas)
1081,Kabupaten Nganjuk,Desa Wisata Perning
1082,Kabupaten Nganjuk,Desa Wisata Kepel
1083,Kabupaten Nganjuk,Kampung Tanjunganom
1084,Kabupaten Ngawi,Air Terjun Pengantin
1085,Kabupaten Ngawi,Perkebunan Teh Jamus
1086,Kabupaten Ngawi,Watu Jonggol
1087,Kabupaten Ngawi,Adess Poll
1088,Kabupaten Ngawi,Argo Munung
1089,Kabupaten Ngawi,Embung Pandeyan
1090,Kabupaten Ngawi,Gayam Park
1091,Kabupaten Ngawi,Kuliner dan Kolam Renang Hargo Dumilah
1092,Kabupaten Ngawi,Wisata Tirta Jahe Klenting
1093,Kabupaten Ngawi,Kayangan
1094,Kabupaten Ngawi,Keppo pool
1095,Kabupaten Ngawi,Kolam Renang Banyurejo
1096,Kabupaten Ngawi,Monumen Soerjo
1097,Kabupaten Ngawi,Onggo Joyo
1098,Kabupaten Ngawi,Pemandian Tawun
1099,Kabupaten Ngawi,Pesona Embung Pandean
1100,Kabupaten Ngawi,Prahu Laga Pool
1101,Kabupaten Ngawi,Retno Kumalasari
1102,Kabupaten Ngawi,Selondo
1103,Kabupaten Ngawi,Setia Fun
1104,Kabupaten Ngawi,Srambang Park
1105,Kabupaten Ngawi,Sri Rejeki
1106,Kabupaten Ngawi,Sumberkoso
1107,Kabupaten Ngawi,Suwono Indah Park
1108,Kabupaten Ngawi,Taman Olba
1109,Kabupaten Ngawi,Taman Wisata Tawun
1110,Kabupaten Ngawi,Tirto Nirmolo
1111,Kabupaten Ngawi,Waduk Pondok
1112,Kabupaten Ngawi,Museum Trinil
1113,Kabupaten Ngawi,Desa Wisata Ngrayudan
1114,Kabupaten Ngawi,Desa Wisata Dempel
1115,Kabupaten Ngawi,Desa Wisata Giri Kerto
1116,Kabupaten Ngawi,Desa Wisata Ngale
1117,Kabupaten Ngawi,Desa Wisata Kerek
1118,Kabupaten Ngawi,Desa Wisata Banyu Biru
1119,Kabupaten Ngawi,Desa Wisata Dero
1120,Kabupaten Ngawi,Desa Wisata Karangtengah Prandon
1121,Kabupaten Ngawi,Desa Wisata Karanggupito
1122,Kabupaten Ngawi,Desa Wisata Sumber Bening
1123,Kabupaten Ngawi,Desa Wisata Pandansari
1124,Kabupaten Ngawi,Desa Wisata Tawun
1125,Kabupaten Ngawi,Desa Wisata Kawu
1126,Kabupaten Ngawi,Desa Wisata Brubuh Kayangan
1127,Kabupaten Ngawi,Desa Wisata Kuniran
1128,Kabupaten Ngawi,Desa Wisata Wonosari
1129,Kabupaten Ngawi,Desa Wisata Sekar Putih
1130,Kabupaten Ngawi,Desa Wisata Melikan
1131,Kabupaten Ngawi,Desa Wisata Hargomulyo
1132,Kabupaten Pacitan,Banyu Anget
1133,Kabupaten Pacitan,Goa Gong
1134,Kabupaten Pacitan,Goa Tabuhan
1135,Kabupaten Pacitan,Pantai Banyutibo
1136,Kabupaten Pacitan,Pantai Buyutan
1137,Kabupaten Pacitan,Pantai Klayar
1138,Kabupaten Pacitan,Pantai Ngriboyo
1139,Kabupaten Pacitan,Pantai Pancer Dorr
1140,Kabupaten Pacitan,Pantai Pidakan
1141,Kabupaten Pacitan,Pantai Soge
1142,Kabupaten Pacitan,Pantai Srau
1143,Kabupaten Pacitan,Pantai Taman
1144,Kabupaten Pacitan,Pantai Teleng Ria
1145,Kabupaten Pacitan,Pantai Watukarung
1146,Kabupaten Pacitan,Senthono Genthong
1147,Kabupaten Pacitan,Sungai Maron
1148,Kabupaten Pacitan,Watu Bale
1149,Kabupaten Pacitan,Beiji Park
1150,Kabupaten Pacitan,Monumen Jenderal  Sudirman
1151,Kabupaten Pacitan,Museum Song Terus
1152,Kabupaten Pacitan,Osanna Beach
1153,Kabupaten Pacitan,Goa Selo Arum
1154,Kabupaten Pacitan,Mentari Ocean View Pacitan
1155,Kabupaten Pacitan,Museum Geopark
1156,Kabupaten Pacitan,Museum dan Galeri SBY-Ani
1157,Kabupaten Pacitan,Pantai Pangasan
1158,Kabupaten Pacitan,Goa Luweng Jaran
1159,Kabupaten Pacitan,Wisata Kasap
1160,Kabupaten Pacitan,Pemandian Banyu Anget
1161,Kabupaten Pamekasan,Api Tak Kunjung Padam
1162,Kabupaten Pamekasan,Ekowisata Mangrove Lembung
1163,Kabupaten Pamekasan,Pantai Jumiang
1164,Kabupaten Pamekasan,Pantai Talang Siring
1165,Kabupaten Pamekasan,Bukit Brukoh
1166,Kabupaten Pamekasan,Bukit Kehi
1167,Kabupaten Pamekasan,Edu Wisata Garam
1168,Kabupaten Pamekasan,Kampoeng Durian Pamekasan
1169,Kabupaten Pamekasan,Kampung Toron Semalem
1170,Kabupaten Pamekasan,Puncak Ratu
1171,Kabupaten Pamekasan,Wisata Sawah
1172,Kabupaten Pamekasan,Pasarean Batu Ampar
1173,Kabupaten Pamekasan,Makam Ronggo Sukowati
1174,Kabupaten Pamekasan,Museum Umum Mandilaras
1175,Kabupaten Pamekasan,Vihara Avalokitesvara
1176,Kabupaten Pamekasan,"Taman Edukasi ""TITIK SEJUTA WARNA"""
1177,Kabupaten Pamekasan,Tanean Lanjhang
1178,Kabupaten Pamekasan,Pantai The Legend
1179,Kota Pasuruan,Gedung P3GI
1180,Kota Pasuruan,Kolam Renang Tirto Kencono
1181,Kota Pasuruan,Pelabuhan Kota Pasuruan
1182,Kota Pasuruan,Taman Pekuncen
1183,Kota Pasuruan,Taman Sekar  Gadung
1184,Kota Pasuruan,Wisata Meubel Bukir
1185,Kota Pasuruan,Klenteng Kota Pasuruan
1186,Kota Pasuruan,Makam KH. Abdul Hamid
1187,Kota Pasuruan,Makam Mbah Slagah
1188,Kota Pasuruan,Masjid Jami
1189,Kota Pasuruan,Pasuruan Jaman Biyen
1190,Kota Pasuruan,Pesta Pangung Hiburan Rakyat
1191,Kota Pasuruan,Petilasan Untung Suropati
1192,Kota Pasuruan,Prosesi Hari Jadi Kota Pasuruan
1193,Kabupaten Pasuruan,Bromo Pananjakan
1194,Kabupaten Pasuruan,Bukit Flora
1195,Kabupaten Pasuruan,Kaliandra
1196,Kabupaten Pasuruan,Kebun Raya Purwodadi
1197,Kabupaten Pasuruan,Ranu Grati
1198,Kabupaten Pasuruan,Taman Wisata Alam Gunung Baung/ Air Terjun
1199,Kabupaten Pasuruan,Taman Wisata Alam Tretes
1200,Kabupaten Pasuruan,Wana Wisata Kakek Bodo
1201,Kabupaten Pasuruan,Wana Wisata Puthuktruno
1202,Kabupaten Pasuruan,Bhakti Alam
1203,Kabupaten Pasuruan,Bromo Forest
1204,Kabupaten Pasuruan,Cimory
1205,Kabupaten Pasuruan,Finna Golf
1206,Kabupaten Pasuruan,Foresta
1207,Kabupaten Pasuruan,International Cutural Centre
1208,Kabupaten Pasuruan,Kebun Kurma
1209,Kabupaten Pasuruan,Kebun Pak Budi
1210,Kabupaten Pasuruan,Pemandian Alam Banyubiru
1211,Kabupaten Pasuruan,Pemandian Duren Sewu Pandaan
1212,Kabupaten Pasuruan,Pemandian Taman Ria Suropati
1213,Kabupaten Pasuruan,Pemandian Telaga Sewu
1214,Kabupaten Pasuruan,Pintu Langit Prigen
1215,Kabupaten Pasuruan,Red Flower
1216,Kabupaten Pasuruan,Saygon Waterpark and Night Park
1217,Kabupaten Pasuruan,Taman Dayu Golf and Resort
1218,Kabupaten Pasuruan,Taman Dayu Waterpark
1219,Kabupaten Pasuruan,Taman Safari Indonesia II
1220,Kabupaten Pasuruan,The Taman Dayu City Of Festivals
1221,Kabupaten Pasuruan,Tretes Tree Top
1222,Kabupaten Pasuruan,Arca Banyubiru
1223,Kabupaten Pasuruan,Candi Belahan
1224,Kabupaten Pasuruan,Candi Gunung Gangsir
1225,Kabupaten Pasuruan,Candi Indrokilo
1226,Kabupaten Pasuruan,Candi Jawi
1227,Kabupaten Pasuruan,Candi Keboireng
1228,Kabupaten Pasuruan,Candi Laras
1229,Kabupaten Pasuruan,Candi Sepilar
1230,Kabupaten Pasuruan,Kawasan Wisata ChengHoo
1231,Kabupaten Pasuruan,Makam Mbah Ratu Ayu
1232,Kabupaten Pasuruan,Makam Mbah Semedi
1233,Kabupaten Pasuruan,Makam Segoro Puro
1234,Kabupaten Pasuruan,Pertirtaan Belahan
1235,Kabupaten Pasuruan,Prasasti Cungrang
1236,Kabupaten Pasuruan,Situs Raos Pasinan
1237,Kabupaten Pasuruan,Wisata Edukai Alam Batik
1238,Kabupaten Pasuruan,Wisata Tas Rajut Kaboki
1239,Kabupaten Pasuruan,Desa Wisata Kramat Podokoyo
1240,Kabupaten Pasuruan,Desa Wisata Kalipucang
1241,Kabupaten Pasuruan,Desa Wisata Wonosari Nongkojajar
1242,Kabupaten Pasuruan,Desa Wisata Dayurejo
1243,Kabupaten Pasuruan,Desa Wisata Tutur
1244,Kabupaten Pasuruan,Desa Wisata Tlogosari
1245,Kabupaten Pasuruan,Desa Wisata Edelweis Wonokitri
1246,Kabupaten Pasuruan,Desa Wisata Andonsari
1247,Kabupaten Pasuruan,Kampung Salak Wonosari
1248,Kabupaten Pasuruan,Desa Wisata Jatisari
1249,Kabupaten Pasuruan,Desa Wisata Tosari
1250,Kabupaten Pasuruan,Desa Wisata Palangsari
1251,Kabupaten Pasuruan,Desa Wisata Puspo
1252,Kabupaten Pasuruan,Desa Wisata Baledono
1253,Kabupaten Pasuruan,Desa Wisata Ngadiwono
1254,Kabupaten Pasuruan,Desa Wisata Bumi Areta Hijau
1255,Kabupaten Pasuruan,Desa Wisata Ngembal
1256,Kabupaten Pasuruan,Desa Wisata Ranu Klindungan
1257,Kabupaten Pasuruan,Desa Wisata New Arjuno
1258,Kabupaten Pasuruan,Desa Wisata Jimbaran
1259,Kabupaten Pasuruan,Desa Wisata Ringgitasri
1260,Kabupaten Pasuruan,Desa Wisata Jatiarjo
1261,Kabupaten Pasuruan,Desa Wisata Kertosari
1262,Kabupaten Ponorogo,Air Panas Tirta Husada
1263,Kabupaten Ponorogo,Air Terjun Coban Lawe
1264,Kabupaten Ponorogo,Air Terjun Jurang gandul
1265,Kabupaten Ponorogo,Air Terjun Pletuk
1266,Kabupaten Ponorogo,Goa Lowo Ponorogo
1267,Kabupaten Ponorogo,Gunung Beruk
1268,Kabupaten Ponorogo,Mloko Sewu
1269,Kabupaten Ponorogo,Ngebel Adventure Park
1270,Kabupaten Ponorogo,Sendang Bulus
1271,Kabupaten Ponorogo,Telaga Ngebel
1272,Kabupaten Ponorogo,Tubing Mendak
1273,Kabupaten Ponorogo,Brilliant Water Park
1274,Kabupaten Ponorogo,Bukit Suharto
1275,Kabupaten Ponorogo,Kampung Durian
1276,Kabupaten Ponorogo,Sumorobangun Flowers Biting
1277,Kabupaten Ponorogo,Taman Wisata Ngembag
1278,Kabupaten Ponorogo,Kolam Renang Tirto Menggolo
1279,Kabupaten Ponorogo,Festival Reyog Mini
1280,Kabupaten Ponorogo,Festival Nasional Reog Ponorogo
1281,Kabupaten Ponorogo,Makam Astana Srandil
1282,Kabupaten Ponorogo,Makam Batoro Katong
1283,Kabupaten Ponorogo,Makam Agung Kyai Ageng Muhammad Besari
1284,Kabupaten Ponorogo,Makam Tumenggung Djajengrono
1285,Kabupaten Ponorogo,Masjid Tegalsari
1286,Kabupaten Ponorogo,Pentas Reog Bulan Purnama
1287,Kabupaten Ponorogo,Pentas Reog Telaga Ngebel
1288,Kabupaten Ponorogo,Pentas Teater
1289,Kabupaten Ponorogo,Pentas Wayang Akhir Bulan
1290,Kabupaten Ponorogo,Petilasan Eyang Ismoyo / Klampis Ireng
1291,Kabupaten Ponorogo,Situs Watu Dukun
1292,Kabupaten Ponorogo,Beji Sirah Keteng
1293,Kabupaten Ponorogo,W.A.W. Joko Tingkir
1294,Kabupaten Ponorogo,Tumpak Lego Hill
1295,Kabupaten Ponorogo,Desa Setono
1296,Kabupaten Ponorogo,Desa Wisata Jurug
1297,Kabupaten Ponorogo,Ngambang Tirto Kencono
1298,Kabupaten Ponorogo,Keraton Water Park
1299,Kabupaten Ponorogo,Desa Ngendut
1300,Kabupaten Ponorogo,Gunung Gemplah
1301,Kabupaten Ponorogo,Desa Pager
1302,Kabupaten Ponorogo,Desa Munggu
1303,Kabupaten Ponorogo,Desa Srandil
1304,Kabupaten Ponorogo,Beji Kaponan
1305,Kabupaten Ponorogo,Desa Biting
1306,Kabupaten Ponorogo,Desa Wagir Lor
1307,Kabupaten Ponorogo,Desa Pupus
1308,Kabupaten Ponorogo,Desa Ngrogung
1309,Kabupaten Ponorogo,Pagerukir
1310,Kabupaten Ponorogo,Desa Talun
1311,Kabupaten Ponorogo,Desa Selur
1312,Kabupaten Ponorogo,Desa Mrayan
1313,Kabupaten Ponorogo,Desa Cepoko
1314,Kabupaten Ponorogo,Desa Caluk
1315,Kabupaten Ponorogo,Desa Wates
1316,Kabupaten Ponorogo,Desa Slahung
1317,Kabupaten Ponorogo,Desa Ngrayun
1318,Kabupaten Ponorogo,Desa Wonodadi
1319,Kabupaten Ponorogo,Desa Gajah
1320,Kabupaten Ponorogo,Desa Wringinanom
1321,Kabupaten Ponorogo,Desa Grogol
1322,Kabupaten Ponorogo,Desa Temon
1323,Kabupaten Ponorogo,Desa Pangkal
1324,Kabupaten Ponorogo,Desa Tumpak Pelem
1325,Kabupaten Ponorogo,Desa Ngadirejo
1326,Kabupaten Ponorogo,Desa Wagir Kidul
1327,Kabupaten Ponorogo,Desa Kesugihan
1328,Kabupaten Ponorogo,Desa Munggung
1329,Kabupaten Ponorogo,Desa Banaran
1330,Kabupaten Ponorogo,Pemancingan Dam Gendol
1331,Kabupaten Ponorogo,Desa Gontor
1332,Kabupaten Ponorogo,Desa Josari
1333,Kabupaten Ponorogo,Desa Ronosentanan
1334,Kabupaten Ponorogo,Desa Manuk
1335,Kabupaten Ponorogo,Desa Tatung
1336,Kabupaten Ponorogo,Desa Nglarangan
1337,Kabupaten Ponorogo,Desa Sumoroto
1338,Kabupaten Ponorogo,Desa Sampung
1339,Kabupaten Ponorogo,Desa Kunti
1340,Kabupaten Ponorogo,Desa Nglurup
1341,Kabupaten Ponorogo,Desa Jenangan
1342,Kabupaten Ponorogo,Desa Glinggang
1343,Kabupaten Ponorogo,Desa Sukorejo
1344,Kabupaten Ponorogo,Desa Paringan
1345,Kabupaten Ponorogo,Desa Sukosari
1346,Kabupaten Ponorogo,Desa Kadipaten
1347,Kabupaten Ponorogo,Kelurahan Patihan Wetan
1348,Kabupaten Ponorogo,Desa Sahang
1349,Kabupaten Ponorogo,Desa Jonggol
1350,Kabupaten Ponorogo,Desa Sidoharjo
1351,Kabupaten Ponorogo,Desa Krisik
1352,Kabupaten Ponorogo,Desa Pudak Wetan
1353,Kabupaten Ponorogo,Desa Bareng
1354,Kabupaten Ponorogo,Desa Pondok
1355,Kabupaten Ponorogo,Desa Karang Patihan
1356,Kabupaten Ponorogo,Desa Bulak
1357,Kabupaten Ponorogo,Desa Tegalsari
1358,Kabupaten Ponorogo,Desa Mrayan
1359,Kabupaten Ponorogo,Desa Brahu
1360,Kabupaten Ponorogo,Desa Baosan Lor
1361,Kabupaten Ponorogo,Desa Singgahan
1362,Kabupaten Ponorogo,Desa Baosan Kidul
1363,Kabupaten Ponorogo,Desa Gedangan
1364,Kota Probolinggo,BJBR (BeeJay Bakau Resort)
1365,Kota Probolinggo,Pantai Permata Pilang
1366,Kota Probolinggo,Kolam Renang Bayuangga
1367,Kota Probolinggo,Kolam Renang Olimpic
1368,Kota Probolinggo,Pelabuhan Pelelangan Ikan
1369,Kota Probolinggo,Sumber Sentong
1370,Kota Probolinggo,Taman Wisata Studi Lingkungan
1371,Kota Probolinggo,Gereja Merah
1372,Kota Probolinggo,Klenteng Tri Darma
1373,Kota Probolinggo,Museum Dr. Moch. Saleh
1374,Kota Probolinggo,Museum Kota Probolinggo
1375,Kabupaten Probolinggo,Agrowisata Strawberry Jetak
1376,Kabupaten Probolinggo,Agrowisata Strawberry Sapikerep
1377,Kabupaten Probolinggo,Agrowisata Sumberbendo
1378,Kabupaten Probolinggo,Air Terjun Desa Wisata Rengganis
1379,Kabupaten Probolinggo,Air Terjun Kali Pedati
1380,Kabupaten Probolinggo,Air Terjun Madakaripura
1381,Kabupaten Probolinggo,Air Terjun Umbulan
1382,Kabupaten Probolinggo,Binor Harmony
1383,Kabupaten Probolinggo,Bukit Betitang
1384,Kabupaten Probolinggo,Bukit Kembang Puncaksari
1385,Kabupaten Probolinggo,Gua Lebar
1386,Kabupaten Probolinggo,Gunung Bromo Ngadisari
1387,Kabupaten Probolinggo,Tirta Ronggojalu
1388,Kabupaten Probolinggo,Pantai Bahak
1389,Kabupaten Probolinggo,Pantai Bentar
1390,Kabupaten Probolinggo,Pantai Darmo
1391,Kabupaten Probolinggo,Pantai Dutah
1392,Kabupaten Probolinggo,Pantai Tambaksari
1393,Kabupaten Probolinggo,Pantai Tugu
1394,Kabupaten Probolinggo,Petik Buah
1395,Kabupaten Probolinggo,PT Noars Rafting
1396,Kabupaten Probolinggo,P30
1397,Kabupaten Probolinggo,Ranu Segaran Dan Air Panas
1398,Kabupaten Probolinggo,Ranu Agung
1399,Kabupaten Probolinggo,Regulo Lintas Nusantara Rafting
1400,Kabupaten Probolinggo,Songa Alam Lestari Rafting
1401,Kabupaten Probolinggo,Tirto Ageng
1402,Kabupaten Probolinggo,Wisata Agro Kebun Teh Andungbiru
1403,Kabupaten Probolinggo,Wisata Gili Ketapang
1404,Kabupaten Probolinggo,Wisata Tubing Desa Gading Wetan
1405,Kabupaten Probolinggo,Wisata Tubing Desa Sentul
1406,Kabupaten Probolinggo,Wisata Tubing Tiris
1407,Kabupaten Probolinggo,Bermi EcoPark
1408,Kabupaten Probolinggo,Bukit Dami
1409,Kabupaten Probolinggo,Bukit Gligir
1410,Kabupaten Probolinggo,Desa Wisata Sekar Anteng Green Park
1411,Kabupaten Probolinggo,Hapy Waterboom
1412,Kabupaten Probolinggo,Kampung Madu
1413,Kabupaten Probolinggo,Kolam Renang Marbagong
1414,Kabupaten Probolinggo,Pemandian Kokap
1415,Kabupaten Probolinggo,PT. Regulo Lintas Nusantara
1416,Kabupaten Probolinggo,PT. Pandawa Nusantara
1417,Kabupaten Probolinggo,Madakaripura Forest Park
1418,Kabupaten Probolinggo,Mahagoni Green Park
1419,Kabupaten Probolinggo,Pemandian Jabung Tirta
1420,Kabupaten Probolinggo,Waterboom Ayu Rezeki Kerpangan
1421,Kabupaten Probolinggo,Waterpark Modern
1422,Kabupaten Probolinggo,Wisata Agro Sumberbendo
1423,Kabupaten Probolinggo,Candi Jabung
1424,Kabupaten Probolinggo,Candi Kedaton
1425,Kabupaten Probolinggo,Wisata Religi Miniatur Kabah
1426,Kabupaten Probolinggo,Desa Wisata Adat Tengger & Edelweis Seruni
1427,Kabupaten Probolinggo,Desa Wisata Jetak
1428,Kabupaten Probolinggo,Desa Wisata Andung Biru
1429,Kabupaten Probolinggo,Desa Wisata Wonotoro
1430,Kabupaten Probolinggo,Desa Wisata Wonokerso
1431,Kabupaten Probolinggo,Desa Wisata Giliketapang
1432,Kabupaten Probolinggo,Desa Wisata Guyangan
1433,Kabupaten Probolinggo,Desa Wisata Sentul
1434,Kabupaten Probolinggo,Desa Wisata Gadingwetan
1435,Kabupaten Probolinggo,Desa Wisata Kalianan
1436,Kabupaten Probolinggo,Desa Wisata Binor Harmony
1437,Kabupaten Probolinggo,Desa Wisata Tirtoageng
1438,Kabupaten Probolinggo,Desa Wisata Pabean
1439,Kabupaten Probolinggo,Desa Wisata Wonokerto
1440,Kabupaten Probolinggo,Desa Wisata Banderan
1441,Kabupaten Probolinggo,Desa Wisata Bermi
1442,Kabupaten Probolinggo,Desa Wisata Ngadas
1443,Kabupaten Probolinggo,Desa Wisata Sapikerep
1444,Kabupaten Probolinggo,Desa Wisata Sariwani
1445,Kabupaten Probolinggo,Desa Wisata Negororejo
1446,Kabupaten Probolinggo,Desa Wisata Dungun
1447,Kabupaten Probolinggo,Desa Wisata Curah Sawo
1448,Kabupaten Probolinggo,Desa Wisata Sokokerto
1449,Kabupaten Probolinggo,Desa Wisata Kalibuntu
1450,Kabupaten Probolinggo,Desa Wisata Randutatah
1451,Kabupaten Probolinggo,Desa Wisata Segaran
1452,Kabupaten Probolinggo,Desa Wisata Ranuagung
1453,Kabupaten Probolinggo,Desa Wisata Ledokombo
1454,Kabupaten Probolinggo,Desa Wisata Banjarsawah
1455,Kabupaten Probolinggo,Desa Wisata Condong
1456,Kabupaten Probolinggo,Desa Wisata Betek Taman
1457,Kabupaten Probolinggo,Desa Wisata Pakuniran
1458,Kabupaten Sampang,Air Terjun Toroan
1459,Kabupaten Sampang,Goa Lebar
1460,Kabupaten Sampang,Hutan Kera Nepa
1461,Kabupaten Sampang,Karang Laut Mandangin
1462,Kabupaten Sampang,Pantai Camplong
1463,Kabupaten Sampang,Pantai Lon Malang
1464,Kabupaten Sampang,Waduk Klampis
1465,Kabupaten Sampang,Sumur Tujuh Panji Laras
1466,Kabupaten Sampang,Makam Sayid Utsman
1467,Kabupaten Sampang,Kawasan Makam Rato Ebuh
1468,Kabupaten Sampang,Situs Trunojoyo
1469,Kabupaten Sampang,Desa Wisata Agro Jambu Camplong Dan Mangrove Taddan
1470,Kabupaten Sampang,Desa Batik Kotah
1471,Kabupaten Sampang,Desa Budaya Napo laok
1472,Kabupaten Sampang,Desa Wisata Gerabah Tlambah
1473,Kabupaten Sampang,Desa Budaya Kerapan Sapi Ketapang barat
1474,Kabupaten Sampang,Desa Wisata Batik Montor
1475,Kabupaten Sampang,Desa Wisata Petualangan Panjat Tebing Murgua - Tamberu Daya
1476,Kabupaten Sampang,Kampung Belanda Krampon
1477,Kabupaten Sampang,Wisata mangroove sreseh
1478,Kabupaten Sidoarjo,Wisata Bahari Tlocor
1479,Kabupaten Sidoarjo,Alas Outbound Prambon
1480,Kabupaten Sidoarjo,Intako Tanggulangin
1481,Kabupaten Sidoarjo,Keraton Waterpark Krian
1482,Kabupaten Sidoarjo,Kolam Pancing Dan Rumah Makan Lesehan Delta Fishing
1483,Kabupaten Sidoarjo,Kolam Renang Antares
1484,Kabupaten Sidoarjo,Kolam Renang Candi Pari
1485,Kabupaten Sidoarjo,Kolam Renang Citra Garden
1486,Kabupaten Sidoarjo,Kolam Renang Citra Harmoni
1487,Kabupaten Sidoarjo,Kolam Renang Golden Aquatic
1488,Kabupaten Sidoarjo,Kolam Renang GOR
1489,Kabupaten Sidoarjo,Kolam Renang Ketegan Waterpark
1490,Kabupaten Sidoarjo,Kolam Renang Suko Asri
1491,Kabupaten Sidoarjo,Kusuma Tirta Minapolitan
1492,Kabupaten Sidoarjo,Legok Asri Outbound
1493,Kabupaten Sidoarjo,Permata Tas dan Koper Tanggulangin
1494,Kabupaten Sidoarjo,Permata Waterpark Tanggulangin
1495,Kabupaten Sidoarjo,Kolam Renang Puri Surya Jaya
1496,Kabupaten Sidoarjo,Water Park Suncity
1497,Kabupaten Sidoarjo,Candi Dermo
1498,Kabupaten Sidoarjo,Candi Lemah Duwur
1499,Kabupaten Sidoarjo,Candi Medalem
1500,Kabupaten Sidoarjo,Candi Pamotan
1501,Kabupaten Sidoarjo,Candi Pari
1502,Kabupaten Sidoarjo,Candi Sumur
1503,Kabupaten Sidoarjo,Candi Tawangalun
1504,Kabupaten Sidoarjo,Candi Wangkal
1505,Kabupaten Sidoarjo,Kampung Batik Al-Huda
1506,Kabupaten Sidoarjo,Kampung Batik Jetis
1507,Kabupaten Sidoarjo,Makam Adipati Terung Kulon
1508,Kabupaten Sidoarjo,Makam Dewi Ayu Sekardadu
1509,Kabupaten Sidoarjo,Makam Mbah Ud
1510,Kabupaten Sidoarjo,Yussar Fishing And Playground
1511,Kabupaten Sidoarjo,Museum Mpu Tantular
1512,Kabupaten Sidoarjo,Prasasti Kemlagen
1513,Kabupaten Sidoarjo,Situs Watu Tulis
1514,Kabupaten Sidoarjo,Pura Margo Wening
1515,Kabupaten Sidoarjo,Kampung Literasi Tapak Kalibendo
1516,Kabupaten Sidoarjo,Pulau Lusi
1517,Kabupaten Sidoarjo,Masjid Jami' Al-Abror
1518,Kabupaten Sidoarjo,Wisata Belanja Tanggulangin
1519,Kabupaten Sidoarjo,Minipark Watesari
1520,Kabupaten Sidoarjo,Agrowisata Petik Jambu Kebaron
1521,Kabupaten Sidoarjo,Kampung Lali Gadget
1522,Kabupaten Sidoarjo,Desa Wisata Budaya Wage Bersinar
1523,Kabupaten Situbondo,Air Terjun Talempong
1524,Kabupaten Situbondo,Batu Mingghigir
1525,Kabupaten Situbondo,Gunung Bunter
1526,Kabupaten Situbondo,Gunung Panceng
1527,Kabupaten Situbondo,Kampung Blekok
1528,Kabupaten Situbondo,Kampung Karang Kenek 26
1529,Kabupaten Situbondo,argowisata Kayumas
1530,Kabupaten Situbondo,Agrowisata Banongan
1531,Kabupaten Situbondo,Pantai Dubibir
1532,Kabupaten Situbondo,Pantai Muara Kasih
1533,Kabupaten Situbondo,Pantai Pasir Putih
1534,Kabupaten Situbondo,Pantai Tampora
1535,Kabupaten Situbondo,Plaza Rengganis
1536,Kabupaten Situbondo,Situbondo adventure
1537,Kabupaten Situbondo,Taman Nasional Baluran
1538,Kabupaten Situbondo,Barokah Park
1539,Kabupaten Situbondo,Cottok Innovation Park
1540,Kabupaten Situbondo,Dawuhan Milenial Garden
1541,Kabupaten Situbondo,Grand Pathek
1542,Kabupaten Situbondo,Kampung Kerapu
1543,Kabupaten Situbondo,Pemandian Taman
1544,Kabupaten Situbondo,Pabrik Gula Olean
1545,Kabupaten Situbondo,Utama Raya Beach
1546,Kabupaten Situbondo,Wisata Desa Patemon
1547,Kabupaten Situbondo,Makam KH Asad Syamsul Arifin
1548,Kabupaten Situbondo,Makam Syaikh Maulana Ishaq
1549,Kabupaten Situbondo,Desa Wisata Kebangsaan
1550,Kabupaten Situbondo,Wisata Karang Kenek Olean
1551,Kabupaten Sumenep,Gili Iyang
1552,Kabupaten Sumenep,Gili Labak
1553,Kabupaten Sumenep,Gua Kuning
1554,Kabupaten Sumenep,Gua Pajudan
1555,Kabupaten Sumenep,Goa Soekarno
1556,Kabupaten Sumenep,Mangrove Kedatim
1557,Kabupaten Sumenep,Pantai Badur
1558,Kabupaten Sumenep,Pantai Lombang
1559,Kabupaten Sumenep,Pantai Sembilan
1560,Kabupaten Sumenep,Pantai Slopeng
1561,Kabupaten Sumenep,Wisata Batu Kapur
1562,Kabupaten Sumenep,Wisata Bukit Kelompek
1563,Kabupaten Sumenep,Wisata Telaga Kirmata
1564,Kabupaten Sumenep,Mutiara Tirta
1565,Kabupaten Sumenep,Taman Tectona
1566,Kabupaten Sumenep,Tirta Sumekar Indah (TSI)
1567,Kabupaten Sumenep,Water Park Sumekar (WPS)
1568,Kabupaten Sumenep,Wisata Bukit Tinggi
1569,Kabupaten Sumenep,Wisata Sarkampong
1570,Kabupaten Sumenep,Asta Gumuk Kertasada
1571,Kabupaten Sumenep,Asta Joko Tole
1572,Kabupaten Sumenep,Asta K Faqih
1573,Kabupaten Sumenep,Asta Katandur
1574,Kabupaten Sumenep,Asta Panaongan
1575,Kabupaten Sumenep,Asta Sayyid Yusuf
1576,Kabupaten Sumenep,Makam Asta Tinggi
1577,Kabupaten Sumenep,Masjid Jamik Sumenep
1578,Kabupaten Sumenep,Museum dan Keraton
1579,Kabupaten Sumenep,Rumah Kasur Pasir
1580,Kabupaten Sumenep,Situs Batugong
1581,Kabupaten Sumenep,Situs Benteng
1582,Kabupaten Sumenep,Desa Wisata Bancamara
1583,Kabupaten Sumenep,Pantai Sembilan Gili Genting
1584,Kabupaten Sumenep,Desa Wisata Bumi Semaan
1585,Kabupaten Sumenep,Desa Lombang
1586,Kabupaten Sumenep,Desa Pekandangan
1587,Kabupaten Sumenep,Desa Karduluk
1588,Kabupaten Sumenep,Desa Slopeng
1589,Kota Surabaya,Ekowisata Mangrove Gunung Anyar
1590,Kota Surabaya,Ekowisata Mangrove Medokan Sawah
1591,Kota Surabaya,Ekowisata Mangrove Wonorejo
1592,Kota Surabaya,Pantai Ria Kenjeran
1593,Kota Surabaya,Ciputra Golf
1594,Kota Surabaya,Ciputra Water Park
1595,Kota Surabaya,Djoko Dolog
1596,Kota Surabaya,Fresh Market
1597,Kota Surabaya,GWalk
1598,Kota Surabaya,Kebun Binatang
1599,Kota Surabaya,Mirota Batik
1600,Kota Surabaya,Pasar Bunga Kayoon
1601,Kota Surabaya,Surabaya Carnival
1602,Kota Surabaya,Surabaya North Quay
1603,Kota Surabaya,Taman Hiburan Rakyat
1604,Kota Surabaya,Taman Prestasi
1605,Kota Surabaya,Taman Remaja
1606,Kota Surabaya,THP (Taman Hiburan Pantai) Kenjeran
1607,Kota Surabaya,Arca Joko Dolog
1608,Kota Surabaya,Balai Kota SSCT
1609,Kota Surabaya,De Javasche Bank Museum BI
1610,Kota Surabaya,House Of Sampoerna
1611,Kota Surabaya,Jalan Tunjungan MMT
1612,Kota Surabaya,Kampung Lawas Maspati
1613,Kota Surabaya,Kapal Artama III
1614,Kota Surabaya,Kawasan Wisata Religi Ampel
1615,Kota Surabaya,Klenteng Boen Bio
1616,Kota Surabaya,Klenteng Hok An Kiong
1617,Kota Surabaya,Loka Jala Crana
1618,Kota Surabaya,Makam Dr. Sutomo
1619,Kota Surabaya,Makam Sawunggaling
1620,Kota Surabaya,Makam Sunan Bungkul
1621,Kota Surabaya,Masjid Agung Sunan Ampel
1622,Kota Surabaya,Masjid AlAkbar
1623,Kota Surabaya,Masjid Ceng Ho
1624,Kota Surabaya,Monumen Kapal Selam
1625,Kota Surabaya,Monumen Tugu Pahlawan
1626,Kota Surabaya,Museum Dr Soetomo
1627,Kota Surabaya,Museum Kesehatan
1628,Kota Surabaya,Museum NU
1629,Kota Surabaya,Museum Olah Raga
1630,Kota Surabaya,Museum Pendidikan
1631,Kota Surabaya,Museum Surabaya
1632,Kota Surabaya,Perpustakaan BI
1633,Kota Surabaya,Museum  HOS Cokroaminoto
1634,Kota Surabaya,Museum Wage Rudolf Supratman
1635,Kota Surabaya,Pura Jagad Karana
1636,Kota Surabaya,Taman Budaya Jatim
1637,Kota Surabaya,TIC dan balai Pemuda
1638,Kota Surabaya,UPTD Ampel
1639,Kota Surabaya,Kampung Lawas
1640,Kota Surabaya,Kampung Wisata
1641,Kota Surabaya,Kampung Arab Ampel
1642,Kota Surabaya,Kampung Gundih
1643,Kota Surabaya,Wonorejo Mangrove
1644,Kota Surabaya,Sumur Welut
1645,Kabupaten Trenggalek,Goa Lowo
1646,Kabupaten Trenggalek,Hutan Mangrove
1647,Kabupaten Trenggalek,Pantai Cengkrong
1648,Kabupaten Trenggalek,Pantai Karanggongso / Pasir Putih
1649,Kabupaten Trenggalek,Pantai Mutiara
1650,Kabupaten Trenggalek,Pantai Pelang
1651,Kabupaten Trenggalek,Pantai Prigi
1652,Kabupaten Trenggalek,Wisata Goa Ngerit
1653,Kabupaten Trenggalek,Wisata Tebing Linggo
1654,Kabupaten Trenggalek,Kolam Renang Tirta Jualita
1655,Kabupaten Trenggalek,Rumah Apung
1656,Kabupaten Trenggalek,Waterpark Bukit Jass
1657,Kabupaten Trenggalek,Desa Wisata Durensari
1658,Kabupaten Trenggalek,Dilem Wilis
1659,Kabupaten Trenggalek,Desa Wisata Senden Goa Ngerit
1660,Kabupaten Trenggalek,Banyu Nget
1661,Kabupaten Trenggalek,Desa Wisata Masaran Blado
1662,Kabupaten Trenggalek,Desa Kendalrejo
1663,Kabupaten Trenggalek,Wonoasri
1664,Kabupaten Trenggalek,Jurug Tundo
1665,Kabupaten Trenggalek,Desa Depok
1666,Kabupaten Trenggalek,Desa Nglebo
1667,Kabupaten Trenggalek,Argo Lawe
1668,Kabupaten Trenggalek,Air Terjung Songgolangit
1669,Kabupaten Trenggalek,Embung Tambong
1670,Kabupaten Trenggalek,Kedung Lesung
1671,Kabupaten Trenggalek,Embung Beji Maron
1672,Kabupaten Trenggalek,Kampung Toga Lestari
1673,Kabupaten Trenggalek,Kampung Kelinci
1674,Kabupaten Tuban,Air Terjun Nglirip
1675,Kabupaten Tuban,Banyulangse
1676,Kabupaten Tuban,Goa Akbar
1677,Kabupaten Tuban,Goa Ngerong
1678,Kabupaten Tuban,Goa Putri Asih
1679,Kabupaten Tuban,Goa Suci
1680,Kabupaten Tuban,Pantai Boom
1681,Kabupaten Tuban,Pantai Cemara
1682,Kabupaten Tuban,Pantai Kelapa
1683,Kabupaten Tuban,Pantai Sowan
1684,Kabupaten Tuban,Tebing Pelangi
1685,Kabupaten Tuban,Tuban Mangrove Centre
1686,Kabupaten Tuban,TWT
1687,Kabupaten Tuban,Wisata Kali Pelang
1688,Kabupaten Tuban,Wisata Tingkis (Batu Van Tuban)
1689,Kabupaten Tuban,Wana Wisata Prataan
1690,Kabupaten Tuban,Jatiwangi Park
1691,Kabupaten Tuban,Kampung Air
1692,Kabupaten Tuban,Pemandian Bektiharjo
1693,Kabupaten Tuban,Pemandian Nganget
1694,Kabupaten Tuban,Sendang Asmoro
1695,Kabupaten Tuban,Sumberarum Park
1696,Kabupaten Tuban,Makam Asmoroqondi
1697,Kabupaten Tuban,Makam Bejagung Kidul
1698,Kabupaten Tuban,Makam Bejagung Lor
1699,Kabupaten Tuban,Makam Ibrahim Asmoro
1700,Kabupaten Tuban,Makam Mbah Jabar
1701,Kabupaten Tuban,Makam Sunan Bonang
1702,Kabupaten Tuban,Makam Sunan Geseng
1703,Kabupaten Tuban,Museum Kambang Putih
1704,Kabupaten Tuban,Desa Wisata Religi Bejagung
1705,Kabupaten Tuban,Desa Wisata Margorejo
1706,Kabupaten Tuban,Desa Wisata Budaya Sukorejo
1707,Kabupaten Tuban,Desa Wisata Guwo Terus
1708,Kabupaten Tuban,Desa Wisata Pantai Kelapa
1709,Kabupaten Tuban,Desa Wisata Sendang Asmoro
1710,Kabupaten Tuban,Desa Wisata Air Terjun Nglirip
1711,Kabupaten Tuban,Kampung Batik Kedungrejo
1712,Kabupaten Tulungagung,Agro Belimbing Berseri
1713,Kabupaten Tulungagung,pantai pacar
1714,Kabupaten Tulungagung,Air Terjun Cuban Kromo
1715,Kabupaten Tulungagung,Goa Pasir
1716,Kabupaten Tulungagung,Goa Selomangleng
1717,Kabupaten Tulungagung,Goa Tritis
1718,Kabupaten Tulungagung,Gunung Budhek
1719,Kabupaten Tulungagung,Jurang Senggani
1720,Kabupaten Tulungagung,Pantai Brumbun
1721,Kabupaten Tulungagung,Pantai Coro
1722,Kabupaten Tulungagung,Pantai Dlodoh
1723,Kabupaten Tulungagung,Pantai Gemah
1724,Kabupaten Tulungagung,Pantai Kedung Tumpang
1725,Kabupaten Tulungagung,Pantai Klatak
1726,Kabupaten Tulungagung,Pantai Molang
1727,Kabupaten Tulungagung,Pantai Ngalur
1728,Kabupaten Tulungagung,Pantai Popoh
1729,Kabupaten Tulungagung,Pantai Sanggar
1730,Kabupaten Tulungagung,Pantai Sidem
1731,Kabupaten Tulungagung,Pantai Sine
1732,Kabupaten Tulungagung,Pesanggrahan Agro Wilis
1733,Kabupaten Tulungagung,Ranu Gumbolo
1734,Kabupaten Tulungagung,Telaga Buret
1735,Kabupaten Tulungagung,Waduk Wonorejo
1736,Kabupaten Tulungagung,Brond Waterpark
1737,Kabupaten Tulungagung,Bukit Tunggul Malik
1738,Kabupaten Tulungagung,Bumi alam Kandung
1739,Kabupaten Tulungagung,Cowindo
1740,Kabupaten Tulungagung,Puncak Jowin
1741,Kabupaten Tulungagung,Pantai Lumbung
1742,Kabupaten Tulungagung,Pantai Nglinci
1743,Kabupaten Tulungagung,Kampung Susu Dinasty
1744,Kabupaten Tulungagung,Kampung Tani
1745,Kabupaten Tulungagung,Kolam Renang Vidia Tirta
1746,Kabupaten Tulungagung,Monumen Wajakensis
1747,Kabupaten Tulungagung,Nangkula Park
1748,Kabupaten Tulungagung,Mbalung Kawok
1749,Kabupaten Tulungagung,Ori Green
1750,Kabupaten Tulungagung,Pantai Midodaren
1751,Kabupaten Tulungagung,Splash Water Park
1752,Kabupaten Tulungagung,Tugu Park
1753,Kabupaten Tulungagung,Waterpark Singapore
1754,Kabupaten Tulungagung,Pantai Sioro
1755,Kabupaten Tulungagung,Wisata Taman Anggrek Kahyangan
1756,Kabupaten Tulungagung,Arca Dwarapala Jepun
1757,Kabupaten Tulungagung,Arca Dwarapala Tamanan
1758,Kabupaten Tulungagung,Arca Dwarapala Tretek
1759,Kabupaten Tulungagung,Candi Gayatri Boyolangu
1760,Kabupaten Tulungagung,Candi Dadi
1761,Kabupaten Tulungagung,Candi Mirigambar
1762,Kabupaten Tulungagung,Candi Ngampel
1763,Kabupaten Tulungagung,Candi Penampihan
1764,Kabupaten Tulungagung,Candi Sanggrahan
1765,Kabupaten Tulungagung,griyo dalem kanjengan
1766,Kabupaten Tulungagung,Makam Astonogedong
1767,Kabupaten Tulungagung,Makam Astono  Praloyo Demak
1768,Kabupaten Tulungagung,Makam Awar Awar
1769,Kabupaten Tulungagung,Makam Bedalem
1770,Kabupaten Tulungagung,"Makam Bupati 4, 5 dan 10"
1771,Kabupaten Tulungagung,Makam Bupati ke XI
1772,Kabupaten Tulungagung,Makam Bupati Ke XIII
1773,Kabupaten Tulungagung,Makam Bupati ke XX
1774,Kabupaten Tulungagung,Makam Bupati
1775,Kabupaten Tulungagung,Makam Eyang Cokro Kusumo
1776,Kabupaten Tulungagung,Makam K.H Mimbar
1777,Kabupaten Tulungagung,Makam Ki Ageng Sengguruh
1778,Kabupaten Tulungagung,Makam setono dalem Majan
1779,Kabupaten Tulungagung,Makam Ngadirogo (H. Nasuha)
1780,Kabupaten Tulungagung,Makam Patih Ngabehi dan R. sastro Tulungagung
1781,Kabupaten Tulungagung,Makam Sech I Muchyidin
1782,Kabupaten Tulungagung,Makam Sentono Gedong
1783,Kabupaten Tulungagung,Makam Srigading
1784,Kabupaten Tulungagung,Makam Sunan Kuning
1785,Kabupaten Tulungagung,Makam Surontani I Aryo Kusumo
1786,Kabupaten Tulungagung,Makam Surontani II
1787,Kabupaten Tulungagung,Makam Surontani III
1788,Kabupaten Tulungagung,Makam Syeh Basyaruddin
1789,Kabupaten Tulungagung,Masjid al Mimbar Majan
1790,Kabupaten Tulungagung,Masjid Tiban Macanbang
1791,Kabupaten Tulungagung,Museum Daerah
1792,Kabupaten Tulungagung,Museum Tulungagung
1793,Kabupaten Tulungagung,Situs Aryojeding
1794,Kabupaten Tulungagung,Situs Mbah Bodo
1795,Kabupaten Tulungagung,Situs Kanigoro
1796,Kabupaten Tulungagung,Situs Rejotangan
1797,Kabupaten Tulungagung,Situs Telungrejo
1798,Kabupaten Tulungagung,Desa Wisata Nglurup Jurang Senggani
1799,Kabupaten Tulungagung,Desa Wisata Mulyosari
1800,Kabupaten Tulungagung,Desa Wisata Gambiran
1801,Kabupaten Tulungagung,Desa Wisata sebalor
1802,Kabupaten Situbondo,Pantai Bletok
1803,Kota Madiun,Nusantara Edupark
1804,Kabupaten Sampang,Edufarm Kampung Tani Panjalin
1805,Kabupaten Madiun,Taman Wisata Lembah Wilis
1806,Kabupaten Madiun,Rumah Coklat
1807,Kabupaten Blitar,Sumur Amber
1808,Kabupaten Blitar,Kampung Gerabah
1809,Kabupaten Sampang,Kampong Milon Napote
1810,Kota Pasuruan,Gedung Harmonie
1811,Kabupaten Gresik,Dynasty water Park
1812,Kabupaten Gresik,Wisata Bajak Laut
1813,Kabupaten Gresik,kolam Renang Malindo
1814,Kabupaten Bondowoso,Navara Water Park
1815,Kabupaten Bondowoso,yyyy
1816,Kabupaten Gresik,Twin Lake Kemangi
1817,Kabupaten Gresik,Wisata Edukasi Urban Farming (Kampung Kreasi)
1818,Kabupaten Gresik,Mangrove Sukorejo Kali Lamong
1819,Kabupaten Gresik,Mangrove Karang Kiring
1820,Kabupaten Gresik,Bale Pesusukan
1821,Kabupaten Gresik,Bale Keling
1822,Kabupaten Kediri,Kolam Renang Sumberagung Grogol
1823,Kabupaten Kediri,Kolam Renang Tirta Asri Pare
1824,Kabupaten Kediri,Kampung Lele
1825,Kabupaten Kediri,Dadapan One Stop Holiday
1826,Kabupaten Kediri,Marwah Tirta & Resto 1
1827,Kabupaten Kediri,Marwah Tirta & Resto 2
1828,Kabupaten Kediri,Marwah Tirta & Resto 3
1829,Kabupaten Kediri,Kota Mungil
1830,Kabupaten Kediri,Istana Jamur
1831,Kabupaten Kediri,Bukit Goa Naga
1832,Kabupaten Kediri,Wisata Dunia Candy
1833,Kabupaten Kediri,Makam Pragulo Pati
1834,Kabupaten Kediri,Situs Adipati Panjer
1835,Kabupaten Kediri,Situs Watu Gajah
1836,Kabupaten Kediri,Situs Watu Dakon 1
1837,Kabupaten Kediri,Situs Watu Dakon 2
1838,Kabupaten Kediri,Petilasan Dewi Sekartaji
1839,Kabupaten Kediri,Makam Syech Abdul Mursyad
1840,Kabupaten Kediri,Makam Auliya (Gus Mik)
1841,Kabupaten Kediri,Makam Tan Malaka (WBTB)
1842,Kabupaten Kediri,Makam Syech Ihsan Jampes
1843,Kabupaten Kediri,Makam Syech Zainal Abidin
1844,Kabupaten Kediri,Makam Kyai Doko / Prabu Anom Doko
1845,Kabupaten Ngawi,Benteng Pendem Van Den Bosch
1846,Kota Batu,Taman Langit
1847,Kota Batu,Taman Langit
1848,Kota Batu,wisata taman langit
1849,Kota Madiun,Lapak Bumi Semendung
1850,Kota Batu,Wisata Buatan Batu Jati Mas
1851,Kabupaten Lumajang,Wana Wisata Siti Sundari
1852,Kabupaten Lumajang,Goatzilla Farm
1853,Kabupaten Lumajang,Situs Selo Gending
1854,Kabupaten Malang,Museum Singhasari
1855,Kabupaten Ngawi,Benteng Pendem Van Den Bosch
1856,Kabupaten Gresik,WISATA DESA BELURON BENGAWAN SOLO (BBS)
1857,Kabupaten Gresik,Kolam Renang Ocean Kids
1858,Kabupaten Ngawi,Museum kampoeng cak Soen
1859,Kota Madiun,Lapak Mbah Remul
1860,Kota Madiun,Lapak Pesona
1861,Kota Madiun,Lapak Taman Obor
1862,Kota Madiun,Lapak Donopuran
1863,Kota Madiun,Lapak Kembul Sari
1864,Kabupaten Tuban,air Terjun Bongok
1865,Kota Madiun,Lapak Patih Sidodadi Kel. Patihan
1866,Kota Madiun,lapak Sonokeling
1867,Kabupaten Probolinggo,Water Boom Marbagong (MBG)
1868,Kabupaten Tuban,Pantai Panduri
1869,Kabupaten Malang,Pertapaan Karmel
1870,Kabupaten Malang,Museum Panji
1871,Kabupaten Malang,Sae L'Sima
1872,Kabupaten Mojokerto,Claket Adventure Park
1873,Kabupaten Mojokerto,Maha Vihara Majapahit / Budha Tidur
1874,Kabupaten Mojokerto,Puthuk Gragal
1875,Kabupaten Mojokerto,Tirta Anandiri
1876,Kabupaten Mojokerto,Joglo Park
1877,Kabupaten Mojokerto,Waterland
1878,Kabupaten Mojokerto,Loka Wiyata Surya (Tahura)
1879,Kabupaten Mojokerto,Balekambang
1880,Kabupaten Mojokerto,Wisata Panorama Petung Sewu (WPPS)
1881,Kabupaten Mojokerto,Ladang Anggrek
1882,Kabupaten Mojokerto,Intan Abatani
1883,Kabupaten Mojokerto,Air Terjun Watulampang
1884,Kabupaten Mojokerto,Bukit Kayoe Putih
1885,Kabupaten Mojokerto,Air Terjun Watuondo
1886,Kabupaten Mojokerto,Candi Brahu
1887,Kabupaten Mojokerto,Pendakian Watujengger
1888,Kabupaten Mojokerto,Candi Wringinlawang
1889,Kabupaten Mojokerto,Candi Tikus
1890,Kabupaten Mojokerto,Pacet Mini Park
1891,Kabupaten Mojokerto,Parimas
1892,Kabupaten Mojokerto,Candi Bajangratu
1893,Kabupaten Mojokerto,Makam Troloyo
1894,Kabupaten Mojokerto,Qoem - Qoem
1895,Kabupaten Mojokerto,Petirtaan Jolotundo
1896,Kabupaten Mojokerto,Bernah De Valley
1897,Kabupaten Mojokerto,Ubalan Waterpark
1898,Kabupaten Mojokerto,Pemandian Air Panas Padusan
1899,Kabupaten Mojokerto,Wet Sendi
1900,Kabupaten Mojokerto,Air Terjun Dlundung
1901,Kabupaten Mojokerto,Sumber Gempong
1902,Kabupaten Mojokerto,Sasana Krida
1903,Kabupaten Mojokerto,Taman Ghanjaran
1904,Kabupaten Malang,Padhepokan Seni Mangun Dharma
1905,Kabupaten Malang,Candi Gunung Telih
1906,Kabupaten Malang,Situs Watu Gong
1907,Kabupaten Pamekasan,Wisata Terpadu Bhurunan Murtajih
1908,Kabupaten Malang,Padepokan Seni Asmorobangun
1909,Kabupaten Malang,Karaeng Galesong
1910,Kabupaten Malang,masjid Asy-Syuhada
1911,Kabupaten Malang,GKJW Peniwen
1912,Kabupaten Malang,Monumen Peniwen Affair
1913,Kabupaten Malang,Candi Sapto
1914,Kabupaten Malang,Wisata Religi Gunung Bathok
1915,Kabupaten Malang,Wisata Ritual Sendang Kamulyan
1916,Kabupaten Malang,Religi Pesarean Syech Abdul Jalil
1917,Kabupaten Malang,Hutan Pinus Winongan
1918,Kabupaten Malang,Alas pakis
1919,Kabupaten Malang,Pantai Wedi Awu
1920,Kabupaten Malang,Pantai Bolu-bolu
1921,Kabupaten Malang,Pantai Sipelot
1922,Kabupaten Tuban,Discovery Of Forest
1923,Kabupaten Tuban,Sendang Lanjar Maibit
1924,Kabupaten Tuban,Gunung Dingklik Ngimbang
1925,Kabupaten Tuban,Wisata Air Hangat Mbeji
1926,Kabupaten Tuban,Agro Park Klumpit
1927,Kabupaten Tuban,Kandangan Park
1928,Kabupaten Malang,Pantai Gatra
1929,Kabupaten Bangkalan,Desa Telaga Biru
1930,Kabupaten Malang,Pantai Kali Apus/Pringapus
1931,Kabupaten Malang,Pantai Teluk Asmara
1932,Kabupaten Malang,Pantai Tambak Asri
1933,Kabupaten Malang,Pantai Perawan Sidoasri/Tambak Asri
1934,Kabupaten Malang,Hutan Pinus Bendosari
1935,Kabupaten Malang,Gunung Bromo
1936,Kabupaten Malang,Coban Trisula
1937,Kabupaten Malang,Coban Raksasa
1938,Kabupaten Malang,Lembah Kera
1939,Kabupaten Malang,Mata Air Umbulan/Umbulrejo
1940,Kabupaten Malang,Mata Air Sumber Manggis
1941,Kabupaten Malang,Mata Air Sumber Urip
1942,Kabupaten Malang,Mata Air Sumber Jodho
1943,Kabupaten Malang,Sumber Air Krabyakan
1944,Kabupaten Malang,Coban Supit Urang
1945,Kabupaten Malang,Gunung Mujur
1946,Kabupaten Malang,sumber Nyolo
1947,Kabupaten Malang,Coban Singo/Arema
1948,Kabupaten Malang,Coban Jodo
1949,Kabupaten Malang,Coban Jidor
1950,Kabupaten Malang,Coban Barnawi
1951,Kabupaten Malang,Coban Siuk
1952,Kabupaten Malang,Pantai Jolangkung
1953,Kabupaten Malang,Pantai Pasir Besi
1954,Kabupaten Malang,Gua Sengik
1955,Kabupaten Malang,Pantai Kedung Celeng
1956,Kabupaten Malang,Pantai Pulodoro
1957,Kabupaten Malang,Pantai Seling ombo
1958,Kabupaten Malang,Pantai Kondang Iwak
1959,Kabupaten Malang,Pantai Kondang Bandung
1960,Kabupaten Malang,Pantai Nglurung
1961,Kabupaten Malang,Goa Payung
1962,Kabupaten Malang,Umbulan (Pemandian)
1963,Kabupaten Malang,Pantai Teluk Bidadari
1964,Kabupaten Malang,Pantai Mbehi
1965,Kabupaten Malang,Pantai Ndaliputih/Dali Putih
1966,Kabupaten Malang,Pantai Banyu Meneng
1967,Kabupaten Malang,Pantai Taman Ayu
1968,Kabupaten Malang,Bukit Bundu
1969,Kabupaten Malang,Pantai Licin
1970,Kabupaten Magetan,KOLAM RENANG HANIF TIRTO PELANGI
1971,Kabupaten Sampang,WMS Berung Ngambeng Spot Klobur
1972,Kabupaten Malang,Wisata Petik Jeruk Bedengan
1973,Kabupaten Jember,kampung Durian
1974,Kabupaten Jember,Situs Duplang
1975,Kabupaten Bangkalan,KRAHIGA
1976,Kabupaten Banyuwangi,Agro Wisata Bukit Rayud
1977,Kabupaten Jember,BIN Cigar
1978,Kabupaten Jember,Pantai Payangan
1979,Kabupaten Jember,Museum Tembakau
1980,Kabupaten Jember,Air Terjun Antrokan Manggisan
1981,Kabupaten Jember,Pantai Rowo Cangak
1982,Kabupaten Jember,Puncak SJ 88
1983,Kabupaten Gresik,Jelajah Kampung Lawas Kebungson (Heart Of Bandar Grisse)
1984,Kabupaten Gresik,Wisata Telaga Pelemwatu
1985,Kabupaten Malang,Desa Wisata Masmul Mulyoagung
1986,Kabupaten Gresik,Ekowisata Magrove Superberu Bawean
1987,Kabupaten Jember,Air Terjun 7 Bidadari
1988,Kabupaten Jember,Candi Deres
1989,Kabupaten Jember,Pusat Penelitian Kopi dan Kakao
1990,Kabupaten Jember,Pantai Paseban
1991,Kabupaten Sampang,Taman Wiyata Sampang
1992,Kabupaten Sampang,UD Sumber Mutiara ( oleh-oleh)
1993,Kabupaten Sampang,WAMAS (WISATA ARSIP MASYARAKAT SAMPANG)
1994,Kabupaten Madiun,NUSANTARA EDUPARK
1995,Kabupaten Malang,Museum Zoologi Frater Vianney
1996,Kabupaten Malang,P-WEC (Petungsewu Wildlife Education Center)
1997,Kabupaten Malang,Paralayang Bukit Waung
1998,Kabupaten Malang,Kasembon Rafting
1999,Kabupaten Malang,Danau Bureng/Mbureng
2000,Kabupaten Sampang,pantai Damar Wulan
2001,Kabupaten Sampang,Makam Khotib Mantoh
2002,Kabupaten Ponorogo,Kolam Renang Tirto Joyo
2003,Kabupaten Malang,Desa Wisata Tirtomarto
2004,Kabupaten Malang,Desa Wisata Srigonco
2005,Kabupaten Malang,Desa Wisata Sempalwadak
2006,Kabupaten Malang,Desa Wisata Amadanom
2007,Kabupaten Malang,Desa Wisata Pamotan
2008,Kabupaten Malang,Desa Wisata Jambangan
2009,Kabupaten Malang,Desa Wisata Kucur
2010,Kabupaten Malang,Desa Wisata Petungsewu
2011,Kabupaten Malang,Desa Wisata Landungsari
2012,Kabupaten Malang,Desa Wisata Donomulyo
2013,Kabupaten Malang,Desa Wisata Sidodadi
2014,Kabupaten Gresik,Wisata Jatisewu Gresik
2015,Kabupaten Sampang,Sampang Water Park ( SWP )
2016,Kabupaten Magetan,Museum Artefac Joko Tingkir
2017,Kabupaten Kediri,Wisata GerojoganJatuh Cinta
2018,Kabupaten Kediri,Tirta Mentari
2019,Kabupaten Kediri,tirta selo agung
2020,Kabupaten Kediri,tirta kusuma
2021,Kabupaten Kediri,taman petualang
2022,Kabupaten Gresik,Wisata Gunung Pundut
2023,Kabupaten Malang,Wisata Kali Uceng
2024,Kabupaten Malang,Taman Topeng Sengguruh
2025,Kabupaten Malang,Embung Babadan/Embung Kapurono
2026,Kabupaten Malang,Agro Tawon 'Wisata Petik Madu'
2027,Kabupaten Malang,Tlogo Land
2028,Kabupaten Sidoarjo,kolam Renang Sendang Delta GOR Sidoarjo
2029,Kabupaten Lamongan,kolam renang LSC
2030,Kabupaten Malang,Museum Kesehatan Jiwa
2031,Kabupaten Malang,Paralayang Sidoluhur
2032,Kabupaten Malang,Villa Buah Naga
2033,Kabupaten Malang,Agro Wisata Buah Naga Organik
2034,Kabupaten Malang,Mahoni Budidaya Ikan
2035,Kabupaten Malang,Ngantang Park
2036,Kabupaten Malang,Agro Salak
2037,Kabupaten Malang,Ndayungadventure
2038,Kabupaten Malang,Sedaer River Tubing
2039,Kabupaten Malang,Banyu Maro River Tubing
2040,Kabupaten Blitar,Blitar Fantasy World
2041,Kabupaten Blitar,Pantai Serit
2042,Kabupaten Malang,Desa Wisata Ketindan
2043,Kabupaten Malang,Wisata Petik Jeruk Lembah Manah
2044,Kabupaten Banyuwangi,Banyuwangi Theme Park
2045,Kabupaten Malang,Desa Wisata Wringinanom (Dewi Anom)
2046,Kabupaten Malang,Desa Wisata Toyomarto
2047,Kabupaten Malang,Desa Wisata Bangelan
2048,Kabupaten Malang,Desa Wisata Madiredo
